number,name,Hp,Atk,Def,SpAtk,SpDef,Spd,Capture Rate,Type1,Type2,Species : Food Species,Evolves To,Evolution Mode,Evolution Animation,Width : lenght,Height,un-used,Movement Type,Ridden Offset,Mass (Kg),Special Egg Species Rules
1,Bulbasaur ,45,49,49,65,65,45,45,Grass ,Poison ,Plant Frog,2,Level:16,tile crack_18,0.45,0.55,0,normal,,6.9,
2,Ivysaur ,60,62,63,80,80,60,45,Grass ,Poison ,Plant Frog,3,Level:32,tile crack_18,0.8,0.9,0,normal,,13,
3,Venusaur ,80,82,83,100,100,80,45,Grass ,Poison,Plant Frog,,Level:-1,tile crack_3,1.3,1.7,0,normal,0.6,100,
3,Venusaur Mega,80,100,123,122,120,80,,Grass ,Poison,,,Level:-1,tile crack_3,1,1,0,normal,,155.5,
4,Charmander ,39,52,43,60,50,65,45,Fire ,,Lizard,5,Level:16,tile crack_55,0.8,0.8,0,normal,,0.6,
5,Charmeleon ,58,64,58,80,65,80,45,Fire ,,Lizard,6,Level:36,tile crack_55,1,1.3,0,normal,,19,
6,Charizard ,78,84,78,109,85,100,45,Fire ,Flying ,Lizard Dragon,,Level:-1,tile crack_3,1.7,1.9,0,flying,0.8,90.5,
6,Charizard Mega-X,78,130,111,130,85,100,,Fire ,Dragon,,,Level:-1,tile crack_3,1,1,0,normal,,110.5,
6,Charizard Mega-Y,78,104,78,159,115,100,,Fire ,Flying ,,,Level:-1,tile crack_3,1,1,0,normal,,100.5,
7,Squirtle ,44,48,65,50,64,43,45,Water,,Turtle,8,Level:16,tile crack_9,0.5,0.7,0,normal,,9,
8,Wartortle ,59,63,80,65,80,58,45,Water,,Turtle,9,Level:36,tile crack_9,0.7,1.2,0,normal,,22.5,
9,Blastoise ,79,83,100,85,105,78,45,Water ,,Turtle,,Level:-1,tile crack_3,1.5,1.5,0,normal,0.6,85.5,
9,Blastoise Mega,79,103,120,135,115,78,,Water,,,,Level:-1,tile crack_3,1,1,0,normal,,101.1,
10,Caterpie ,45,30,35,20,20,45,255,Bug ,,Insecta,11,Level:7,tile crack_3,0.5,0.5,0,normal,,2.9,
11,Metapod ,50,20,55,25,25,30,120,Bug,,Insecta,12,Level:10,tile crack_3,0.7,0.7,0,normal,,9.5,
12,Butterfree ,60,45,50,90,80,70,45,Bug ,Flying ,Insecta,,Level:-1,tile crack_3,1,1,0,flying,,32,
13,Weedle ,40,35,30,20,20,50,255,Bug ,Poison,Insecta,14,Level:7,tile crack_3,0.5,0.5,0,normal,,3.2,
14,Kakuna ,45,25,50,25,25,35,120,Bug ,Poison ,Insecta,15,Level:10,tile crack_3,0.5,0.7,0,normal,,10,
15,Beedrill ,65,90,40,45,80,75,45,Bug ,Poison ,Insecta,,Level:-1,tile crack_3,1.2,1.3,0,flying,,29.5,
16,Pidgey ,40,45,40,35,35,56,255,Normal ,Flying,Bird:Insecta,17,Level:18,tile crack_3,0.4,0.7,0,flying,,1.8,
17,Pidgeotto ,63,60,55,50,50,71,120,Normal ,Flying,Bird:Insecta,18,Level:36,tile crack_3,1,1.3,0,flying,,30,
18,Pidgeot ,83,80,75,70,70,101,45,Normal ,Flying,Bird:Insecta,,Level:-1,tile crack_3,1.3,1.7,0,flying,0.6,39.5,
19,Rattata ,30,56,35,25,35,72,255,Normal,,Rodent,20,Level:20,tile crack_3,0.3,0.3,0,normal,,3.5,
20,Raticate ,55,81,60,50,70,97,127,Normal,,Rodent,,Level:-1,tile crack_3,0.7,0.7,0,normal,,18.5,
21,Spearow ,40,60,30,31,31,70,255,Normal ,Flying,Bird:Insecta,22,Level:20,tile crack_3,0.4,0.7,0,flying,,2,
22,Fearow ,65,90,65,61,61,100,90,Normal ,Flying ,Bird:Insecta,,Level:-1,tile crack_3,1.2,1.2,0,flying,0.7,38,
23,Ekans ,35,60,44,40,54,55,255,Poison ,,Snake:Rodent,24,Level:-1,tile crack_3,2,0.6,0,normal,,6.9,
24,Arbok ,60,85,69,65,79,80,90,Poison ,,Snake:Rodent,,Level:-1,tile crack_3,3.5,1.3,0,normal,,65,
25,Pikachu ,35,55,40,50,50,90,190,Electric,,Rodent Leporidae,26,Stone:thunder,tile crack_3,0.4,0.4,0,normal,,6,
26,Raichu ,60,90,55,90,80,110,75,Electric,,Rodent Leporidae,,Level:-1,tile crack_3,0.8,0.8,0,normal,,30,
27,Sandshrew ,50,75,85,20,30,40,255,Ground,,Rodent,28,Level:22,tile crack_3,1,1,0,normal,,12,
28,Sandslash ,75,100,110,45,55,65,90,Ground,,Rodent,,Level:-1,tile crack_3,1,1,0,normal,,29.5,
29,NidoranF,55,47,52,40,40,41,235,Poison,,Rodent,30,Level:16,tile crack_3,0.5,0.5,0,normal,,7,32:32`29;33:32`29;34:32`29
30,Nidorina ,70,62,67,55,55,56,120,Poison,,Rodent,31,Stone:moon,tile crack_3,1,1,0,normal,,20,32:32`29;33:32`29;34:32`29
31,Nidoqueen ,90,92,87,75,85,76,45,Poison ,Ground,Rodent Drill,,Level:-1,tile crack_3,1,1.3,0,normal,,60,32:32`29;33:32`29;34:32`29
32,NidoranM,46,57,40,40,40,50,235,Poison,,Rodent,33,Level:16,tile crack_3,0.5,0.5,0,normal,,9,
33,Nidorino ,61,72,57,55,55,65,120,Poison,,Rodent,34,Stone:moon,tile crack_3,1,1,0,normal,,19.5,
34,Nidoking ,81,102,77,85,75,85,45,Poison ,Ground,Rodent Drill,,Level:-1,tile crack_3,1,1.4,0,normal,,62,
35,Clefairy ,70,45,48,60,65,35,150,Fairy ,,Fairy,36,Stone:moon,tile crack_121,0.8,0.8,0,normal,,7.5,
36,Clefable ,95,70,73,95,90,60,25,Fairy ,,Fairy,,Level:-1,tile crack_3,0.85,1.3,0,normal,,40,
37,Vulpix ,38,41,40,50,65,65,190,Fire ,,Fox,38,Stone:fire,tile crack_3,1,1,0,normal,,9.9,
38,Ninetales ,73,76,75,81,100,100,75,Fire,,Fox,,Level:-1,tile crack_3,1,1,0,normal,,19.9,
39,Jigglypuff ,115,45,20,45,25,20,170,Normal ,Fairy ,Balloon,40,Stone:moon,tile crack_3,0.5,0.5,0,normal,,5.5,
40,Wigglytuff ,140,70,45,85,50,45,50,Normal ,Fairy,Balloon,,Level:-1,tile crack_3,1,1,0,normal,,12,
41,Zubat ,40,45,35,30,40,55,255,Poison ,Flying,Bat,42,Level:22,tile crack_3,0.9,0.9,0,flying,,7.5,
42,Golbat ,75,80,70,65,75,90,90,Poison ,Flying ,Bat,169,Happiness,tile crack_3,1.5,1.5,0,flying,,55,
43,Oddish ,45,50,55,75,65,30,255,Grass ,Poison,Weed,44,Level:21,tile crack_3,0.6,0.6,0,normal,,5.4,
44,Gloom ,60,65,70,85,75,40,120,Grass ,Poison ,Weed,45 182,Stone:leaf Stone:sun,tile crack_3 tile crack_3,1,1,0,normal,,8.6,
45,Vileplume ,75,80,85,110,90,50,45,Grass ,Poison,Plant,,Level:-1,tile crack_3,1.2,1.4,0,normal,,18.6,
46,Paras ,35,70,55,45,55,25,190,Bug ,Grass,Mushroom Arachnida:Plant Tree,47,Level:24,tile crack_3,0.6,0.4,0,normal,,5.4,
47,Parasect ,60,95,80,60,80,30,75,Bug ,Grass,Mushroom Arachnida:Plant Tree,,Level:-1,tile crack_3,1,1,0,normal,,29.5,
48,Venonat ,60,55,50,40,55,45,190,Bug ,Poison,Arachnida,49,Level:31,tile crack_3,1,1,0,normal,,30,
49,Venomoth ,70,65,60,90,75,90,75,Bug ,Poison,Insecta,,Level:-1,tile crack_3,1,1,0,normal,,12.5,
50,Diglett ,10,55,25,35,45,95,255,Ground ,,Mole,51,Level:26,tile crack_3,0.5,0.5,0,normal,,0.8,
51,Dugtrio ,35,80,50,50,70,120,50,Ground ,,Mole,,Level:-1,tile crack_3,0.8,0.8,0,normal,,33.3,
52,Meowth ,40,45,35,40,40,90,255,Normal,,Cat:Bird Rodent,53,Level:28,tile crack_3,0.35,0.6,0,normal,,4.2,
53,Persian ,65,70,60,65,65,115,90,Normal,,Cat:Bird Rodent,,Level:-1,tile crack_3,1,1,0,normal,,32,
54,Psyduck ,50,52,48,65,50,55,190,Water,,Bird:Fish,55,Level:33,tile crack_3,1,1,0,normal,,19.6,
55,Golduck ,80,82,78,95,80,85,75,Water ,,Bird:Fish,,Level:-1,tile crack_3,1,1,0,normal,,76.6,
56,Mankey ,40,80,35,35,45,70,190,Fighting,,Pig Monkey,57,Level:28,tile crack_3,0.5,0.5,0,normal,,28,
57,Primeape ,65,105,60,60,70,95,75,Fighting,,Pig Monkey,,Level:-1,tile crack_3,1,1,0,normal,,32,
58,Growlithe ,55,70,45,70,50,60,190,Fire ,,Dog,59,Stone:fire,tile crack_3,1,1,0,normal,,19,
59,Arcanine ,90,110,80,100,80,95,75,Fire ,,Dog,,Level:-1,tile crack_3,1,1,0,normal,,155,
60,Poliwag ,40,50,40,40,40,90,255,Water,,Tadpole,61,Level:25,tile crack_3,0.7,0.8,0,water,,12.4,
61,Poliwhirl ,65,65,65,50,50,90,120,Water,,Tadpole,62 186,Stone:water Trade:kingsrock,tile crack_3 tile crack_3,1,1,0,water,,20,
62,Poliwrath ,90,95,95,70,90,70,45,Water ,Fighting,Tadpole,,Level:-1,tile crack_3,1.3,1.3,0,water,,54,
63,Abra ,25,20,15,105,55,90,200,Psychic ,,Cat,64,Level:16,tile crack_3,1,1,0,normal,,19.5,
64,Kadabra ,40,35,30,120,70,105,100,Psychic ,,Hominid,65,Trade:,tile crack_3,1,1,0,normal,,56.5,
65,Alakazam ,55,50,45,135,95,120,50,Psychic ,,Hominid,,Level:-1,tile crack_3,1,1,0,normal,,48,
65,Alakazam Mega,55,50,65,175,95,150,,Psychic,,,,Level:-1,tile crack_3,1,1,0,normal,,48,
66,Machop ,70,80,50,35,35,35,180,Fighting,,Fighter Hominid,67,Level:28,tile crack_3,0.8,0.8,0,normal,,19.5,
67,Machoke ,80,100,70,50,60,45,90,Fighting,,Fighter Hominid,68,Trade:,tile crack_3,1,1.5,0,normal,,70.5,
68,Machamp ,90,130,80,65,85,55,45,Fighting,,Fighter Hominid,,Level:-1,tile crack_3,1.3,1.6,0,normal,,130,
69,Bellsprout ,50,75,35,70,30,40,255,Grass ,Poison ,Plant,70,Level:21,tile crack_3,1,1,0,normal,,4,
70,Weepinbell ,65,90,50,85,45,55,120,Grass ,Poison,Plant,71,Stone:leaf,tile crack_3,1,1,0,normal,,6.4,
71,Victreebel ,80,105,65,100,70,70,45,Grass ,Poison,Plant,,Level:-1,tile crack_3,1,1,0,normal,,15.5,
72,Tentacool ,40,40,35,50,100,70,190,Water ,Poison,Jellyfish:Fish,73,Level:30,tile crack_3,1,1,0,water,,45.5,
73,Tentacruel ,80,70,65,80,120,100,60,Water ,Poison,Jellyfish:Fish,,Level:-1,tile crack_3,1.2,1.6,0,water,,55,
74,Geodude ,40,80,100,30,30,20,255,Rock ,Ground ,Rock,75,Level:25,tile crack_3,1,1,0,normal,,20,
75,Graveler ,55,95,115,45,45,35,120,Rock ,Ground ,Rock,76,Trade:,tile crack_3,1.3,1.3,0,normal,0.95,105,
76,Golem ,80,120,130,55,65,45,45,Rock ,Ground ,Rock,,Level:-1,tile crack_3,1.3,1.4,0,normal,,300,
77,Ponyta ,50,85,55,65,65,90,190,Fire,,Horse,78,Level:40,tile crack_3,0.8,0.8,0,normal,0.4,30,
78,Rapidash ,65,100,70,80,80,105,60,Fire,,Horse,,Level:-1,tile crack_3,1,1.7,0,normal,0.8,95,
79,Slowpoke ,90,65,65,40,40,15,190,Water ,Psychic,Lizard Artiodactyla,80 199,Level:37 Trade:kingsrock,tile crack_3,1,1,0,normal,,36,
80,Slowbro ,95,75,110,100,80,30,75,Water ,Psychic,Lizard Artiodactyla Crustacea,,Level:-1,tile crack_3,1,1.6,0,normal,,78.5,
80,Slowbro Mega,0,0,0,0,0,0,0,Water ,Psychic,Lizard Artiodactyla Crustacea,,Level:0,tile crack_4,2,2.6,0,normal,,120,
81,Magnemite ,25,35,70,95,55,45,190,Electric ,Steel,Magnet,82,Level:30,tile crack_3,0.6,0.6,0,floating,,6,
82,Magneton ,50,60,95,120,70,70,60,Electric ,Steel,Magnet,462,Level:-1,tile crack_3,0.7,0.7,0,floating,,60,
83,Farfetch'd ,52,65,55,58,62,60,45,Normal ,Flying ,Bird,,Level:-1,tile crack_3,0.8,0.8,0,flying,,15,
84,Doduo ,35,85,45,35,35,75,190,Normal ,Flying ,Bird,85,Level:31,tile crack_3,1,1.6,0,normal,0.6,39.2,
85,Dodrio ,60,110,70,60,60,100,45,Normal ,Flying ,Bird,,Level:-1,tile crack_3,1.2,2,0,normal,0.7,85.2,
86,Seel ,65,45,55,45,70,45,190,Water,,Pinniped:Fish,87,Level:34,tile crack_3,1,1,0,water,,90,
87,Dewgong ,90,70,80,70,95,70,75,Water ,Ice ,Pinniped:Fish,,Level:-1,tile crack_3,1,1,0,water,,120,
88,Grimer ,80,80,50,40,50,25,190,Poison ,,Amorphous,89,Level:38,tile crack_3,1,1,0,normal,,30,
89,Muk ,105,105,75,65,100,50,75,Poison,,Amorphous,,Level:-1,tile crack_3,1,1,0,normal,,30,
90,Shellder ,30,65,100,45,25,40,190,Water,,Bivalve,91,Stone:water,tile crack_3,1,0.5,0,water,,4,
91,Cloyster ,50,95,180,85,45,70,60,Water ,Ice ,Bivalve,,Level:-1,tile crack_3,1,1.5,0,water,,132.5,
92,Gastly ,30,35,30,100,35,80,190,Ghost ,Poison ,Ghost,93,Level:25,tile crack_49,1,1,0,floating,,0.1,
93,Haunter ,45,50,45,115,55,95,90,Ghost ,Poison ,Ghost,94,Trade:,tile crack_49,1.3,1.8,0,floating,,0.1,
94,Gengar ,60,65,60,130,75,110,45,Ghost ,Poison ,Ghost,,Level:-1,tile crack_49,1.3,1.7,0,normal,,40.5,
94,Gengar Mega,60,65,80,170,95,130,,Ghost ,Poison ,,,Level:-1,tile crack_3,1,1,0,normal,,40.5,
95,Onix ,35,45,160,30,45,70,45,Rock ,Ground ,RockSnake,208,Trade:metalcoat,tile crack_3,1:5,1,0,normal,0.4,210,
96,Drowzee ,60,48,45,43,90,42,190,Psychic ,,Hypnosis,97,Level:26,tile crack_3,1,1,0,normal,,32.4,
97,Hypno ,85,73,70,73,115,67,75,Psychic,,Hypnosis,,Level:-1,tile crack_3,1,1,0,normal,,75.6,
98,Krabby ,30,105,90,25,25,50,225,Water ,,Crustacea,99,Level:29,tile crack_3,1,1,0,water,,6.5,
99,Kingler ,55,130,115,50,50,75,60,Water ,,Crustacea,,Level:-1,tile crack_3,1,1,0,water,,60,
100,Voltorb ,40,30,50,55,55,100,190,Electric,,Ball,101,Level:30,tile crack_3,0.5,0.5,0,normal,,10.4,
101,Electrode ,60,50,70,80,80,140,60,Electric ,,Ball,,Level:-1,tile crack_3,1.2,1.2,0,normal,0.9,66.6,
102,Exeggcute ,60,40,80,60,45,40,90,Grass ,Psychic ,Plant,103,Level:-1,tile crack_3,1,1,0,normal,,2.5,
103,Exeggutor ,95,95,85,125,65,55,45,Grass ,Psychic,Plant,,Level:-1,tile crack_3,1,1,0,normal,,120,
104,Cubone ,50,50,95,40,50,35,190,Ground ,,Lonely,105,Stone:leaf,tile crack_3,0.4,0.6,0,normal,,6.5,
105,Marowak ,60,80,110,50,80,45,75,Ground,,BoneKeeper,,Level:-1,tile crack_3,1,1,0,normal,,45,
106,Hitmonlee ,50,120,53,35,110,87,45,Fighting ,,Fighter,,Level:-1,tile crack_3,1,1.5,0,normal,,49.8,
107,Hitmonchan ,50,105,79,35,110,76,45,Fighting ,,Fighter,,Level:-1,tile crack_3,1,1.4,0,normal,,50.2,
108,Lickitung ,90,55,75,60,75,30,45,Normal ,,Licking,463,Move:rollout,tile crack_3,1,1,0,normal,,65.5,
109,Koffing ,40,65,95,60,45,35,190,Poison ,,PoisonGas,110,Level:35,tile crack_3,0.6,0.6,0,floating,,1,
110,Weezing ,65,90,120,85,70,60,60,Poison,Rock,PoisonGas,,Level:-1,tile crack_3,1.2,1.2,0,floating,,9.5,
111,Rhyhorn ,80,85,95,30,30,25,120,Ground ,Rock,Spikes,112,Level:42,tile crack_3,1,1,0,normal,,115,
112,Rhydon ,105,130,120,45,45,40,60,Ground ,,Drill,464,Trade:protector,tile crack_3,1,1,0,normal,,120,
113,Chansey ,250,5,5,35,105,50,30,Normal ,,Egg,242,Happiness,tile crack_3,0.75,1,0,normal,,34.6,
114,Tangela ,65,55,115,100,40,60,45,Grass,,Plant,465,Move:ancientpower,tile crack_3,1,1,0,normal,,35,
115,Kangaskhan ,105,95,80,40,80,90,45,Normal ,,Parent,,Level:-1,tile crack_3,1,1,0,normal,,80,
115,Kangaskhan Mega ,105,125,100,60,100,100,,Normal,,,,Level:-1,tile crack_3,1,1,0,normal,,100,
116,Horsea ,30,40,70,70,25,60,225,Water ,,Dragon,117,Level:32,tile crack_3,0.4,0.5,0,water,,8,
117,Seadra ,55,65,95,95,45,85,75,Water,,Dragon,230,Trade:dragonscale,tile crack_3,1,1.2,0,water,,25,
118,Goldeen ,45,67,60,35,50,63,225,Water ,,Fish,119,Level:33,tile crack_3,1,1,0,water,,15,
119,Seaking ,80,92,65,65,80,68,60,Water,,Fish,,Level:-1,tile crack_3,1,1,0,water,,39,
120,Staryu ,30,45,55,70,55,85,225,Water,,StarShape,121,Stone:water,tile crack_3,1,1,0,water,,34.5,
121,Starmie ,60,75,85,100,85,115,60,Water ,Psychic,Mysterious,,Level:-1,tile crack_3,1,1,0,water,,80,
122,Mr. Mime ,40,45,65,100,120,90,45,Psychic ,Fairy,Hominid,,Level:-1,tile crack_3,1,1,0,normal,,54.5,
123,Scyther ,70,110,80,55,80,105,45,Bug ,Flying,Insecta,212,Trade:metalcoat,tile crack_3,1,1.5,0,flying,,56,
124,Jynx ,65,50,35,115,95,95,45,Ice ,Psychic ,Hominid,,Level:-1,tile crack_3,1,1.4,0,normal,,40.6,
125,Electabuzz ,65,83,57,95,85,105,45,Electric ,,Electric,466,Trade:electirizer,tile crack_3,1,1.1,0,normal,,30,
126,Magmar ,65,95,57,100,85,93,45,Fire,,Spitfire,467,Trade:magmarizer,tile crack_3,1,1.3,0,normal,,44.5,
127,Pinsir ,65,125,100,55,70,85,45,Bug,,Insecta,,Level:-1,tile crack_3,1,1,0,normal,,55,
127,Pinsir Mega,65,155,120,65,90,105,,Bug,Flying,,,Level:-1,tile crack_3,1,1,0,normal,,59,
128,Tauros ,75,100,95,40,70,110,45,Normal,,WildBull,,Level:-1,tile crack_3,1,1.4,0,normal,0.9,88.4,
129,Magikarp ,20,10,55,15,20,80,255,Water,,Fish,130,Level:20,tile crack_3,0.4:0.9,0.7,0,water,,10,
130,Gyarados ,95,125,79,60,100,81,45,Water ,Flying ,Dragon,,Level:-1,tile crack_3,1:6.7,1,0,water,0.4,235,
130,Gyarados Mega,95,155,109,70,130,81,,Water,Dark,,,Level:-1,tile crack_3,1,1,0,normal,,305,
131,Lapras ,130,85,80,85,95,60,45,Water ,Ice,Transport,,Level:-1,tile crack_3,2.5,2.5,0,water,0.4,220,
132,Ditto ,48,48,48,48,48,48,35,Normal ,,Transform,,Level:-1,tile crack_3,0.5,0.5,0,normal,,4,
133,Eevee ,55,55,50,45,65,55,45,Normal ,,Fox,134 135 136 196 197 470 471 700,Stone:water Stone:thunder Stone:fire Happiness:day Happiness:night Level:-1 Level:-1 Level:-1,splash spark flame tile crack_3 tile crack_3 tile crack_3 tile crack_3 tile crack_3,0.8,0.8,0,normal,,6.5,
134,Vaporeon ,130,65,60,110,95,65,45,Water,,Fox,,Level:-1,tile crack_3,1,0.9,0,normal,,29,
135,Jolteon ,65,65,60,110,95,130,45,Electric ,,Fox,,Level:-1,tile crack_3,1,0.9,0,normal,,24.5,
136,Flareon ,65,130,60,95,110,65,45,Fire ,,Fox,,Level:-1,tile crack_3,1,0.9,0,normal,,25,
137,Porygon ,65,60,70,85,75,40,45,Normal,,Virtual,233,Trade:dubiousdisc,tile crack_3,1.1,0.85,0,normal,,36.5,
138,Omanyte ,35,40,100,90,55,35,45,Rock ,Water,Helix,139,Level:40,tile crack_3,0.4,0.4,0,water,,7.5,
139,Omastar ,70,60,125,115,70,55,45,Rock ,Water,Helix,,Level:-1,tile crack_3,1,1,0,water,,35,
140,Kabuto ,30,80,90,55,45,55,45,Rock ,Water ,Dome,141,Level:40,tile crack_3,0.5,0.5,0,water,,11.5,
141,Kabutops ,60,115,105,65,70,80,45,Rock ,Water ,Dome,,Level:-1,tile crack_3,1,1.4,0,water,,40.5,
142,Aerodactyl ,80,105,65,60,75,130,45,Rock ,Flying ,Bird,,Level:-1,tile crack_3,2,1.8,0,flying,0.4,59,
142,Aerodactyl Mega,80,135,85,70,95,150,,Rock,Flying,,,Level:-1,tile crack_3,1,1,0,flying,,79,
143,Snorlax ,160,110,65,65,110,30,25,Normal,,Sleeping,,Level:-1,tile crack_3,1,1,0,normal,,460,
144,Articuno ,90,85,100,95,125,85,3,Ice ,Flying ,Freeze,,Level:-1,tile crack_3,2,1.7,0,flying,,55.4,
145,Zapdos ,90,90,85,125,90,100,3,Electric ,Flying,Electric,,Level:-1,tile crack_3,2,1.6,0,flying,,52.6,
146,Moltres ,90,100,90,125,85,90,3,Fire ,Flying,Flame,,Level:-1,tile crack_3,2,2,0,flying,,60,
147,Dratini ,41,64,45,50,50,50,45,Dragon ,,Dragon,148,Level:30,tile crack_3,01:01.80,1,0,water,,3.3,
148,Dragonair ,61,84,65,70,70,70,45,Dragon ,,Dragon,149,Level:55,tile crack_3,1:4,1,0,water,,16.5,
149,Dragonite ,91,134,95,100,100,80,45,Dragon ,Flying ,Dragon,,Level:-1,tile crack_3,1.5,2.2,0,normal,,210,
150,Mewtwo ,106,110,90,154,90,130,3,Psychic,,Genetic,,Level:-1,tile crack_3,1,2,0,flying,,122,
150,Mewtwo Mega-X,106,190,100,154,100,130,,Psychic,Fighting,,,Level:-1,tile crack_3,1,1,0,flying,,127,
150,Mewtwo Mega-Y,106,150,70,194,120,140,,Psychic,,,,Level:-1,tile crack_3,1,1,0,flying,,33,
151,Mew ,100,100,100,100,100,100,45,Psychic,,Cat,,Level:-1,tile crack_3,0.5,0.5,0,floating,,4,
152,Chikorita ,45,49,65,49,65,45,45,Grass ,,Leaf,153,Level:16,tile crack_18,0.5,0.8,0,normal,,6.4,
153,Bayleef ,60,62,80,63,80,60,45,Grass ,,Leaf,154,Level:32,tile crack_18,1,1.4,0,normal,0.6,15.8,
154,Meganium ,80,82,100,83,100,80,45,Grass,,Leaf,,Level:-1,tile crack_3,1.4,2,0,normal,0.5,100.5,
155,Cyndaquil ,39,52,43,60,50,65,45,Fire ,,Rodent,156,Level:14,tile crack_3,0.6,0.6,0,normal,,7.9,
156,Quilava ,58,64,58,80,65,80,45,Fire,,Mustela,157,Level:36,tile crack_3,0.8,0.6,0,normal,,19,
157,Typhlosion ,78,84,78,109,85,100,45,Fire,,Mustela,,Level:-1,tile crack_3,0.6,1.2,0,normal,,79.5,
158,Totodile ,50,65,64,44,48,43,45,Water,,Croc,159,Level:18,tile crack_3,0.4,0.7,0,normal,,9.5,
159,Croconaw ,65,80,80,59,63,58,45,Water ,,Croc,160,Level:30,tile crack_3,0.8,1.3,0,normal,,25,
160,Feraligatr ,85,105,100,79,83,78,45,Water ,,Croc,,Level:-1,tile crack_3,1.7,2.5,0,normal,0.9,88.8,
161,Sentret ,35,46,34,35,45,20,255,Normal,,Rodent,162,Level:15,tile crack_3,0.5,0.8,0,normal,,6,
162,Furret ,85,76,64,45,55,90,90,Normal ,,Mustela,,Level:-1,tile crack_3,2,1.2,0,normal,0.4,32.5,
163,Hoothoot ,60,30,30,36,56,50,255,Normal ,Flying ,Bird:Insecta,164,Level:20,tile crack_3,0.7,0.7,0,flying,,21.2,
164,Noctowl ,100,50,50,76,96,70,90,Normal ,Flying,Bird:Insecta,,Level:-1,tile crack_3,1,1.6,0,flying,,40.8,
165,Ledyba ,40,20,30,40,80,55,255,Bug ,Flying,Insecta,166,Level:18,tile crack_3,1,1,0,normal,,10.8,
166,Ledian ,55,35,50,55,110,85,90,Bug ,Flying,Insecta,,Level:-1,tile crack_3,1,1,0,normal,,35.6,
167,Spinarak ,40,60,40,40,40,30,255,Bug ,Poison,Arachnida:Insecta,168,Level:22,tile crack_42,0.5,0.5,0,normal,,8.5,
168,Ariados ,70,90,70,60,60,40,90,Bug ,Poison ,Arachnida:Insecta,,Level:-1,tile crack_3,1.1,1.1,0,normal,0.4,33.5,
169,Crobat ,85,90,80,70,80,130,90,Poison ,Flying ,Bat,,Level:-1,tile crack_3,2,1.2,0,flying,,75,
170,Chinchou ,75,38,38,56,56,67,190,Water ,Electric ,Fish,171,Level:27,tile crack_3,0.5,0.5,0,water,,12,
171,Lanturn ,125,58,58,76,76,67,75,Water ,Electric,Fish,,Level:-1,tile crack_3,1.2,0.6,0,water,,22.5,
172,Pichu ,20,40,15,35,35,60,190,Electric,,Rodent,25,Happiness,tile crack_3,0.5,0.5,0,normal,,2,
173,Cleffa ,50,25,28,45,55,15,150,Fairy ,,StarShape,35,Happiness,tile crack_3,0.5,0.5,0,normal,,3,
174,Igglybuff ,90,30,15,40,20,15,170,Normal ,Fairy ,Balloon,39,Happiness,tile crack_3,0.5,0.5,0,normal,,1,
175,Togepi ,35,20,65,40,65,20,190,Fairy,,SpikeBall,176,Happiness,tile crack_3,0.5,0.5,0,normal,,1.5,
176,Togetic ,55,40,85,80,105,40,75,Fairy ,Flying,Happiness,468,Stone:shiny,tile crack_3,1,1,0,normal,,3.2,
177,Natu ,40,50,45,70,45,70,190,Psychic ,Flying,Bird,178,Level:25,tile crack_3,0.5,0.5,0,flying,,2,
178,Xatu ,65,75,70,95,70,95,75,Psychic,,Bird,,Level:-1,tile crack_3,1,1.5,0,flying,,15,
179,Mareep ,55,40,40,65,45,35,235,Electric,,Artiodactyla,180,Level:15,tile crack_20,0.6,0.8,0,normal,,7.8,
180,Flaaffy ,70,55,55,80,60,45,120,Electric ,,Artiodactyla,181,Level:30,tile crack_20,0.6,0.8,0,normal,,13.3,
181,Ampharos ,90,75,85,115,90,55,45,Electric ,,Artiodactyla,,Level:-1,tile crack_3,0.7,1.3,0,normal,,61.5,
181,Ampharos Mega,90,95,105,165,110,45,,Electric,Dragon,,,Level:-1,tile crack_3,1,1,0,normal,,61.5,
182,Bellossom ,75,80,95,90,100,50,45,Grass ,,Plant,,Level:-1,tile crack_3,0.6,0.6,0,normal,,5.8,
183,Marill ,70,20,50,20,50,40,190,Water ,Fairy,Rodent,184,Level:18,tile crack_3,0.5,0.5,0,water,,8.5,
184,Azumarill ,100,50,80,60,80,50,75,Water ,Fairy ,Rodent,,Level:-1,tile crack_3,0.7,0.7,0,water,,28.5,
185,Sudowoodo ,70,100,115,30,65,30,65,Rock,,Imitation,,Level:-1,tile crack_3,0.7,1.4,0,normal,,38,
186,Politoed ,90,75,75,90,100,70,45,Water,,Frog,,Level:-1,tile crack_3,1,1.1,0,water,,33.9,
187,Hoppip ,35,35,40,35,55,50,255,Grass ,Flying ,Cotton,188,Level:18,tile crack_3,0.6,0.8,0,floating:1.5,,0.5,
188,Skiploom ,55,45,50,45,65,80,120,Grass ,Flying,Cotton,189,Level:27,tile crack_3,0.9,0.8,0,floating,,1,
189,Jumpluff ,75,55,70,55,95,110,45,Grass ,Flying ,Cotton,,Level:-1,tile crack_3,1.2,1,0,floating:1.5,,3,
190,Aipom ,55,70,55,40,55,85,45,Normal ,,Monkey,424,Move:doublehit,tile crack_3,0.8,0.8,0,normal,,11.5,
191,Sunkern ,30,30,30,30,30,30,235,Grass,,Plant,192,Stone:sun,tile crack_3,0.5,0.5,0,normal,,1.8,
192,Sunflora ,75,75,55,105,85,30,120,Grass,,Plant,,Level:-1,tile crack_3,0.8,0.8,0,normal,,8.5,
193,Yanma ,65,65,45,75,45,95,75,Bug ,Flying,Insecta,469,Move:ancientpower,tile crack_3,1,0.5,0,flying,,38,
194,Wooper ,55,45,45,25,25,15,255,Water ,Ground,MudFish,195,Level:20,tile crack_3,0.5,0.5,0,water,,8.5,
195,Quagsire ,95,85,85,65,65,35,90,Water ,Ground,MudFish,,Level:-1,tile crack_3,1,1.4,0,water,,75,
196,Espeon ,65,65,60,130,95,110,45,Psychic ,,Fox,,Level:-1,tile crack_3,1,1,0,normal,,26.5,
197,Umbreon ,95,65,110,60,130,65,45,Dark,,Fox,,Level:-1,tile crack_3,1,1,0,normal,,27,
198,Murkrow ,60,85,42,85,42,91,30,Dark ,Flying ,Darkness,430,Stone:dusk,tile crack_3,0.7,0.7,0,flying,,2.1,
199,Slowking ,95,75,80,100,110,30,70,Water ,Psychic,Royal,,Level:-1,tile crack_3,1,2,0,normal,,79.5,
200,Misdreavus ,60,60,60,85,85,85,45,Ghost,,Screech,429,Stone:dusk,tile crack_3,1,1,0,floating,,1,
201,Unown,48,72,48,72,48,48,225,Psychic,,Symbol,,Level:-1,tile crack_3,0.5,0.5,0,floating:1.5,,5,
202,Wobbuffet ,190,33,58,33,58,33,45,Psychic,,Patient,,Level:-1,tile crack_3,0.7,1.3,0,normal,,28.5,
203,Girafarig ,70,80,65,90,65,85,60,Normal ,Psychic ,Artiodactyla,,Level:-1,tile crack_3,1,1,0,normal,,41.5,
204,Pineco ,50,65,90,35,35,15,190,Bug,,Insecta Plant,205,Level:31,tile crack_3,0.5,0.6,0,normal,,7.2,
205,Forretress ,75,90,140,60,60,40,75,Bug ,Steel ,Insecta Plant,,Level:-1,tile crack_3,1.2,1.3,0,normal,,125.8,
206,Dunsparce ,100,70,70,65,65,45,190,Normal ,,Snake,,Level:-1,tile crack_3,0.8,0.5,0,normal,,14,
207,Gligar ,65,75,105,35,65,85,60,Ground ,Flying ,Arachnida,472,Level:razorfang:night,tile crack_3,1,1,0,flying,,64.8,
208,Steelix ,75,85,200,55,65,30,25,Steel ,Ground,RockSnake,,Level:-1,tile crack_3,9.2,1.5,0,normal,0.5,400,
209,Snubbull ,60,80,50,40,40,30,190,Fairy,,Fairy,210,Level:23,tile crack_3,0.6,0.6,0,normal,,7.8,
210,Granbull ,90,120,75,60,60,45,75,Fairy ,,Fairy,,Level:-1,tile crack_3,0.8,1.4,0,normal,,48.7,
211,Qwilfish ,65,95,75,55,55,85,45,Water ,Poison ,Fish,,Level:-1,tile crack_3,0.5,0.5,0,water,,3.9,
212,Scizor ,70,130,100,55,80,65,25,Bug ,Steel,Insecta,,Level:-1,tile crack_3,1,1.8,0,flying,,118,
212,Scizor Mega,70,150,140,65,100,75,,Bug,Steel,,,Level:-1,tile crack_3,1,2,0,flying,,125,
213,Shuckle ,20,10,230,10,230,5,190,Bug ,Rock,Mold Rock,,Level:-1,tile crack_3,0.6,0.4,0,normal,,20.5,
214,Heracross ,80,125,75,40,95,85,45,Bug ,Fighting ,Insecta,,Level:-1,tile crack_3,1,1.5,0,normal,,54,
214,Heracross Mega,80,185,115,40,105,75,,Bug,Fighting,,,Level:-1,tile crack_3,1,1,0,normal,,62.5,
215,Sneasel ,55,95,55,35,75,115,60,Dark ,Ice,Mustela,461,Level:razorclaw:night,tile crack_3,0.7,1.1,0,normal,,28,
216,Teddiursa ,60,80,50,50,50,40,120,Normal,,Bear,217,Level:30,tile crack_3,0.6,0.6,0,normal,,8.8,
217,Ursaring ,90,130,75,75,75,55,60,Normal,,Bear,,Level:-1,tile crack_3,1,1.8,0,normal,,125.8,
218,Slugma ,40,40,40,70,40,20,190,Fire,,Gastropoda,219,Level:38,tile crack_3,0.7,0.7,0,normal,,35,
219,Magcargo ,50,50,120,80,80,30,75,Fire ,Rock,Gastropoda,,Level:-1,tile crack_3,1,0.8,0,normal,,55,
220,Swinub ,50,50,40,30,30,50,225,Ice ,Ground,Pig,221,Level:33,tile crack_3,0.5,0.5,0,normal,,6.5,
221,Piloswine ,100,100,80,60,60,50,75,Ice ,Ground,Pig,473,Move:ancientpower,tile crack_3,1,1.1,0,normal,,55.8,
222,Corsola ,55,55,85,65,85,35,60,Water ,Rock ,Coral,,Level:-1,tile crack_3,0.8,0.5,0,water,,5,
223,Remoraid ,35,65,35,65,35,65,190,Water,,Fish,224,Level:25,tile crack_3,0.6,0.6,0,water,,12,
224,Octillery ,75,105,75,105,75,45,75,Water,,Cephalopoda,,Level:-1,tile crack_3,0.9,0.9,0,water,,28.5,
225,Delibird ,45,55,45,65,45,75,45,Ice ,Flying ,Bird,,Level:-1,tile crack_3,0.8,1,0,normal,,16,
226,Mantine ,65,40,70,80,140,70,25,Water ,Flying,Kite,,Level:-1,tile crack_3,2.1,0.75,0,water,0.4,220,
227,Skarmory ,65,80,140,40,70,70,25,Steel ,Flying,Bird,,Level:-1,tile crack_3,1.6,1.9,0,flying,0.6,50.5,
228,Houndour ,45,60,30,80,50,65,120,Dark ,Fire ,Dog,229,Level:24,tile crack_3,0.6,0.6,0,normal,,10.8,
229,Houndoom ,75,90,50,110,80,95,45,Dark ,Fire ,Dog,,Level:-1,tile crack_3,1,1.4,0,normal,,35,
229,Houndoom Mega,75,90,90,140,90,115,,Dark,Fire,,,Level:-1,tile crack_3,1,1,0,normal,,49.5,
230,Kingdra ,75,95,95,95,95,85,45,Water ,Dragon ,Dragon,,Level:-1,tile crack_3,1,1.8,0,water,,152,
231,Phanpy ,90,60,60,40,40,40,120,Ground,,LongNose,232,Level:25,tile crack_3,0.6,0.6,0,normal,0.8,33.5,
232,Donphan ,90,120,120,60,60,50,60,Ground ,,Armor,,Level:-1,tile crack_3,1.2,1.1,0,normal,,120,
233,Porygon2 ,85,80,90,105,95,60,45,Normal,,Virtual,474,Trade:upgrade,tile crack_3,0.7,0.65,0,normal,,32.5,
234,Stantler ,73,95,62,85,65,85,45,Normal,,Artiodactyla,,Level:-1,tile crack_3,1,1.4,0,normal,0.8,71.2,
235,Smeargle ,55,20,35,20,45,75,45,Normal,,Painter,,Level:-1,tile crack_3,1,1.2,0,normal,,58,
236,Tyrogue ,35,35,35,35,35,35,75,Fighting,,Scuffle,106 107 237,Level:20 Level:20 Level:20,tile crack_3 tile crack_3 tile crack_3,0.6,0.7,0,normal,,21,
237,Hitmontop ,50,95,95,35,110,70,45,Fighting ,,Handstand,,Level:-1,tile crack_3,1,1.4,0,normal,,48,
238,Smoochum ,45,30,15,85,65,65,45,Ice ,Psychic,Kiss,124,Level:30,tile crack_3,0.6,0.5,0,normal,,6,
239,Elekid ,45,63,37,65,55,95,45,Electric ,,Electric,125,Level:30,tile crack_3,0.9,0.7,0,normal,,23.5,
240,Magby ,45,75,37,70,55,83,45,Fire,,LiveCoal,126,Level:30,tile crack_3,0.7,0.7,0,normal,,21.4,
241,Miltank ,95,80,105,40,70,100,45,Normal,,MilkCow,,Level:-1,tile crack_3,1.25,1.75,0,normal,0.9,75.5,
242,Blissey ,255,10,10,75,135,55,30,Normal ,,Happiness,,Level:-1,tile crack_3,1,1.5,0,normal,,46.8,
243,Raikou ,90,85,75,115,100,115,3,Electric,,Thunder,,Level:-1,tile crack_3,1.7,1.9,0,normal,0.8,178,
244,Entei ,115,115,85,90,75,100,3,Fire ,,Volcano,,Level:-1,tile crack_3,1.7,2.1,0,normal,0.8,198,
245,Suicune ,100,75,115,90,115,85,3,Water,,Aurora,,Level:-1,tile crack_3,1.7,2,0,normal,0.8,187,
246,Larvitar ,50,64,50,45,50,41,45,Rock ,Ground,RockSkin,247,Level:30,tile crack_3,0.6,0.6,0,normal,,72,
247,Pupitar ,70,84,70,65,70,51,45,Rock ,Ground,HardShell,248,Level:55,tile crack_3,1,1.2,0,normal,,152,
248,Tyranitar ,100,134,110,95,100,61,45,Rock ,Dark,Armor,,Level:-1,tile crack_3,1,2,0,normal,,202,
248,Tyranitar Mega,100,164,150,95,120,71,,Rock,Dark,,,Level:-1,tile crack_3,1,1,0,normal,,255,
249,Lugia ,106,90,130,90,154,110,3,Psychic ,Flying,Diving,,Level:-1,tile crack_3,5.5,4,0,flying,0.4,216,
250,Ho-Oh ,106,130,90,110,154,90,3,Fire ,Flying ,Rainbow,,Level:-1,tile crack_3,3.8,4.5,0,flying,0.4,199,
251,Celebi ,100,100,100,100,100,100,45,Psychic ,Grass ,TimeTravel,,Level:-1,tile crack_3,0.5,0.6,0,flying,,5,
252,Treecko ,40,45,35,65,55,70,45,Grass,,Lizard Plant,253,Level:16,tile crack_18,0.5,0.5,0,normal,,5,
253,Grovyle ,50,65,45,85,65,95,45,Grass ,,Lizard Plant,254,Level:36,tile crack_18,0.5,0.9,0,normal,,21.6,
254,Sceptile ,70,85,65,105,85,120,45,Grass,,Lizard Plant,,Level:-1,tile crack_3,1,1.7,0,normal,,52.2,
254,Sceptile Mega,70,85,65,105,85,120,45,Grass,,Lizard Plant,,Level:-1,tile crack_3,1,1.7,0,normal,,55.2,
255,Torchic ,45,60,40,70,50,45,45,Fire,,Bird,256,Level:16,tile crack_3,0.5,0.5,0,normal,,2.5,
256,Combusken ,60,85,60,85,60,55,45,Fire ,Fighting ,Bird,257,Level:36,tile crack_3,0.7,0.9,0,normal,,19.5,
257,Blaziken ,80,120,70,110,70,80,45,Fire ,Fighting ,Bird Fighter,,Level:-1,tile crack_3,1,1.9,0,normal,,52,
257,Blaziken Mega,80,160,80,130,80,100,,Fire,Fighting,,,Level:-1,tile crack_3,1,1,0,normal,,52,
258,Mudkip ,50,70,50,50,50,40,45,Water,,MudFish,259,Level:16,tile crack_3,0.5,0.5,0,water,,7.6,
259,Marshtomp ,70,85,70,60,70,50,45,Water ,Ground,MudFish,260,Level:36,tile crack_3,0.8,0.8,0,water,,28,
260,Swampert ,100,110,90,85,90,60,45,Water ,Ground,MudFish,,Level:-1,tile crack_3,1,1.5,0,water,,81.9,
260,Swampert Mega,100,110,90,85,90,60,45,Water ,Ground,MudFish,,Level:-1,tile crack_3,1,1.5,0,water,,102,
261,Poochyena ,35,55,35,30,30,35,255,Dark,,Dog,262,Level:18,tile crack_3,0.5,0.5,0,normal,,13.6,
262,Mightyena ,70,90,70,60,60,70,127,Dark,,Dog,,Level:-1,tile crack_3,1,1,0,normal,,37,
263,Zigzagoon ,38,30,41,30,41,60,255,Normal,,Mustela,264,Level:20,tile crack_3,0.65,0.6,0,normal,,17.5,
264,Linoone ,78,70,61,50,61,100,90,Normal ,,Mustela,,Level:-1,tile crack_3,1,0.5,0,normal,,32.5,
265,Wurmple ,45,45,35,20,30,20,255,Bug,,Insecta,266 268,Level:-1 Level:-1,tile crack_3,1,1,0,normal,,3.6,
266,Silcoon ,50,35,55,25,25,15,120,Bug,,Insecta,267,Level:10,tile crack_3,1,1,0,normal,,10,
267,Beautifly ,60,70,50,100,50,65,45,Bug ,Flying ,Insecta,,Level:-1,tile crack_3,1,1,0,flying,,28.4,
268,Cascoon ,50,35,55,25,25,15,120,Bug ,,Insecta,269,Level:10,tile crack_3,1,1,0,normal,,11.5,
269,Dustox ,60,50,70,50,90,65,45,Bug ,Poison ,Insecta,,Level:-1,tile crack_3,1,1,0,flying,,31.6,
270,Lotad ,40,30,30,40,50,30,255,Water ,Grass,Plant,271,Level:14,tile crack_3,0.5,0.5,0,normal,,2.6,
271,Lombre ,60,50,50,60,70,50,120,Water ,Grass,Plant,272,Stone:water,tile crack_3,1,1.2,0,normal,,32.5,
272,Ludicolo ,80,70,70,90,100,70,45,Water ,Grass,Plant,,Level:-1,tile crack_3,1,1.5,0,normal,,55,
273,Seedot ,40,40,50,30,30,30,255,Grass,,Plant,274,Level:14,tile crack_3,0.5,0.7,0,normal,,4,
274,Nuzleaf ,70,70,40,60,40,60,120,Grass ,Dark ,Plant,275,Stone:leaf,tile crack_3,0.6,1.2,0,normal,,28,
275,Shiftry ,90,100,60,90,60,80,45,Grass ,Dark,Plant,,Level:-1,tile crack_3,1,1.5,0,normal,,59.6,
276,Taillow ,40,55,30,30,30,85,200,Normal ,Flying,Bird,277,Level:22,tile crack_3,1,0.6,0,flying,,2.3,
277,Swellow ,60,85,60,50,50,125,45,Normal ,Flying,Bird,,Level:-1,tile crack_3,1.2,0.9,0,flying,0.6,19.8,
278,Wingull ,40,30,30,55,30,85,190,Water ,Flying,Bird,279,Level:25,tile crack_3,1,0.8,0,flying,,9.5,
279,Pelipper ,60,50,100,85,70,65,45,Water ,Flying,Bird,,Level:-1,tile crack_3,1.2,1.2,0,flying,,28,
280,Ralts ,28,25,25,45,35,40,235,Psychic ,Fairy,Hominid,281,Level:20,tile crack_3,0.5,0.5,0,normal,,6.6,
281,Kirlia ,38,35,35,65,55,50,120,Psychic ,Fairy ,Hominid,282 475,Level:30 Stone:dawn:male,tile crack_3 tile crack_3,0.5,0.8,0,normal,,20.2,
282,Gardevoir ,68,65,65,125,115,80,45,Psychic ,Fairy ,Hominid,,Level:-1,tile crack_3,0.6,1.6,0,normal,,48.4,
282,Gardevoir Mega,68,85,65,165,135,100,,Psychic,Fairy,,,Level:-1,tile crack_3,0.6,1.6,0,normal,,48.4,
283,Surskit ,40,30,32,50,52,65,200,Bug ,Water,Insecta,284,Level:22,tile crack_3,1,1,0,normal,,1.7,
284,Masquerain ,70,60,62,80,82,60,75,Bug ,Flying,Insecta,,Level:-1,tile crack_3,1,1,0,flying,,3.6,
285,Shroomish ,60,40,60,40,60,35,255,Grass,,Mushroom,286,Level:23,tile crack_3,1,1,0,normal,,4.5,
286,Breloom ,60,130,80,60,60,70,90,Grass ,Fighting ,Mushroom Fighter,,Level:-1,tile crack_3,1,1,0,normal,,39.2,
287,Slakoth ,60,60,60,35,35,30,255,Normal,,Monkey,288,Level:18,tile crack_3,1,1,0,normal,,24,
288,Vigoroth ,80,80,80,55,55,90,120,Normal,,Monkey,289,Level:36,tile crack_3,1,1,0,normal,,46.5,
289,Slaking ,150,160,100,95,65,100,45,Normal,,Monkey,,Level:-1,tile crack_3,1,1,0,normal,,130.5,
290,Nincada ,31,45,90,30,30,40,255,Bug ,Ground,Insecta,291,Level:20,tile crack_3,0.5,0.5,0,normal,,5.5,
291,Ninjask ,61,90,45,50,50,160,120,Bug ,Flying,Insecta,,Level:-1,tile crack_3,0.8,0.8,0,flying,0.6,12,
292,Shedinja ,1,90,45,30,30,40,45,Bug ,Ghost,Insecta,,Level:-1,tile crack_3,0.8,0.8,0,flying,,1.2,
293,Whismur ,64,51,23,51,23,28,190,Normal,,Rodent,294,Level:20,tile crack_3,0.6,0.6,0,normal,,16.3,
294,Loudred ,84,71,43,71,43,48,120,Normal ,,Rodent,295,Level:40,tile crack_3,1,1,0,normal,,40.5,
295,Exploud ,104,91,63,91,73,68,45,Normal ,,Rodent,,Level:-1,tile crack_3,1.5,1.5,0,normal,,84,
296,Makuhita ,72,60,30,20,30,25,180,Fighting,,Fighter,297,Level:24,tile crack_3,1,1,0,normal,,86.4,
297,Hariyama ,144,120,60,40,60,50,200,Fighting ,,Fighter,,Level:-1,tile crack_3,1,1,0,normal,,253.8,
298,Azurill ,50,20,40,20,40,20,150,Normal ,Fairy ,Rodent,183,Happiness,tile crack_3,0.4,0.4,0,water,,2,
299,Nosepass ,30,45,135,45,90,30,255,Rock,,Rock,476,Level:-1,tile crack_3,1,1,0,normal,,97,
300,Skitty ,50,45,45,35,35,50,255,Normal,,Cat,301,Stone:moon,tile crack_3,0.6,0.6,0,normal,,11,
301,Delcatty ,70,65,65,55,55,70,60,Normal ,,Cat,,Level:-1,tile crack_3,1.1,1.1,0,normal,,32.6,
302,Sableye ,50,75,75,65,65,50,45,Dark ,Ghost,Darkness,,Level:-1,tile crack_3,1,1,0,normal,,11,
302,Sableye Mega,50,75,75,65,65,50,45,Dark ,Ghost,Darkness,,Level:-1,tile crack_3,1,1,0,normal,,161,
303,Mawile ,50,85,85,55,55,50,45,Steel ,Fairy,Deceiver,,Level:-1,tile crack_3,0.6,0.6,0,normal,,11.5,
303,Mawile Mega,50,105,125,55,95,50,,Steel,Fairy,,,Level:-1,tile crack_3,1,1,0,normal,,23.5,
304,Aron ,50,70,100,40,40,30,180,Steel ,Rock ,IronArmor,305,Level:32,tile crack_3,0.6,0.65,0,normal,,60,
305,Lairon ,60,90,140,50,50,40,90,Steel ,,IronArmor,306,Level:42,tile crack_3,1,0.9,0,normal,0.4,120,
306,Aggron ,70,110,180,60,60,50,45,Steel ,Rock ,IronArmor,,Level:-1,tile crack_3,1.6,2.3,0,normal,0.8,360,
306,Aggron Mega,70,140,230,60,80,50,,Steel,,,,Level:-1,tile crack_3,1.6,2.3,0,normal,,395,
307,Meditite ,30,40,55,40,55,60,180,Fighting ,Psychic,Fighter,308,Level:37,tile crack_3,1,1,0,normal,,11.2,
308,Medicham ,60,60,75,60,75,80,90,Fighting ,Psychic,Fighter,,Level:-1,tile crack_3,1,1,0,normal,,31.5,
308,Medicham Mega,60,100,85,80,85,100,,Fighting ,Psychic,,,Level:-1,tile crack_3,1,1,0,normal,,31.5,
309,Electrike ,40,45,40,65,40,65,120,Electric ,,Dog,310,Level:26,tile crack_3,1,1,0,normal,,15.2,
310,Manectric ,70,75,60,105,60,105,45,Electric,,Dog,,Level:-1,tile crack_3,1,1,0,normal,,40.2,
310,Manectric Mega,70,75,80,135,80,135,,Electric,,,,Level:-1,tile crack_3,1,1,0,normal,,44,
311,Plusle ,60,50,40,85,75,95,200,Electric,,Rodent,,Level:-1,tile crack_3,0.5,0.5,0,normal,,4.2,312:311`312
312,Minun ,60,40,50,75,85,95,200,Electric,,Rodent,,Level:-1,tile crack_3,0.5,0.5,0,normal,,4.2,311:311`312
313,Volbeat ,65,73,55,47,75,85,150,Bug,,Insecta,,Level:-1,tile crack_3,1,1,0,flying,,17.7,314:314`313
314,Illumise ,65,47,55,73,75,85,150,Bug ,,Insecta,,Level:-1,tile crack_3,1,1,0,flying,,17.7,313:314`313
315,Roselia ,50,60,45,100,80,65,150,Grass ,Poison,Plant,407,Stone:shiny,tile crack_3,0.5,0.5,0,normal,,2,
316,Gulpin ,70,43,53,43,53,40,225,Poison ,,Amorphous,317,Level:26,tile crack_3,0.5,0.5,0,normal,,10.3,
317,Swalot ,100,73,83,73,83,55,75,Poison,,Amorphous,,Level:-1,tile crack_3,1,1.7,0,normal,,80,
318,Carvanha ,45,90,20,65,20,65,225,Water ,Dark ,Fish,319,Level:30,tile crack_3,0.8,0.8,0,water,,20.8,
319,Sharpedo ,70,120,40,95,40,95,60,Water ,Dark,Fish:Fish,,Level:-1,tile crack_3,1.8,1,0,water,0.8,88.8,
320,Wailmer ,130,70,35,70,35,60,125,Water,,Whale,321,Level:40,tile crack_3,2,2,0,water,0.9,130,
321,Wailord ,170,90,45,90,45,60,60,Water,,Whale,,Level:-1,tile crack_3,12,5,0,water,1.05,398,
322,Numel ,60,60,40,65,45,35,255,Fire ,Ground,Artiodactyla,323,Level:33,tile crack_3,1,1,0,normal,,24,
323,Camerupt ,70,100,70,105,75,40,150,Fire ,Ground ,Artiodactyla,,Level:-1,tile crack_3,1,1,0,normal,,220,
324,Torkoal ,70,85,140,85,70,20,90,Fire,,Turtle,,Level:-1,tile crack_3,1,1,0,normal,,80.4,
325,Spoink ,60,25,35,70,80,60,255,Psychic,,Pig,326,Level:32,tile crack_3,1,1,0,normal,,30.6,
326,Grumpig ,80,45,65,90,110,80,60,Psychic ,,Pig,,Level:-1,tile crack_3,1,1,0,normal,,71.5,
327,Spinda ,60,60,60,60,60,60,255,Normal,,SpotPanda,,Level:-1,tile crack_3,1,1,0,normal,,5,
328,Trapinch ,45,100,45,45,45,10,255,Ground,,Insecta,329,Level:35,tile crack_3,0.7,0.7,0,normal,,15,
329,Vibrava ,50,70,50,50,50,70,120,Ground ,Dragon,Insecta,330,Level:45,tile crack_3,1.3,0.8,0,flying,,15.3,
330,Flygon ,80,100,80,80,80,100,45,Ground ,Dragon ,Dragon,,Level:-1,tile crack_3,1.7,2.2,0,flying,0.8,82,
331,Cacnea ,50,85,40,85,40,35,190,Grass ,,Cactus,332,Level:32,tile crack_3,0.5,0.4,0,normal,,51.3,
332,Cacturne ,70,115,60,115,60,55,60,Grass ,Dark ,Cactus,,Level:-1,tile crack_3,0.4,1.3,0,normal,,77.4,
333,Swablu ,45,40,60,40,75,50,255,Normal ,Flying,Bird,334,Level:35,tile crack_3,0.5,0.5,0,flying,,1.2,
334,Altaria ,75,70,90,70,105,80,45,Dragon ,Flying ,Dragon,,Level:-1,tile crack_3,1.2,1.3,0,flying,0.6,20.6,
334,Altaria Mega,75,70,90,70,105,80,45,Dragon ,Flying ,Dragon,,Level:-1,tile crack_3,1.2,1.3,0,flying,0.6,20.6,
335,Zangoose ,73,115,60,60,60,90,90,Normal,,Mustela,,Level:-1,tile crack_3,1,1,0,normal,,40.3,
336,Seviper ,73,100,60,100,60,65,90,Poison,,Snake,,Level:-1,tile crack_3,1,1,0,normal,,52.5,
337,Lunatone ,70,55,65,95,85,70,45,Rock ,Psychic,Meteorite,,Level:-1,tile crack_3,1,1,0,floating,,168,
338,Solrock ,70,95,85,55,65,70,45,Rock ,Psychic,Meteorite,,Level:-1,tile crack_3,1.2,1.2,0,floating,,154,
339,Barboach ,50,48,43,46,41,60,190,Water ,Ground ,Fish,340,Level:30,tile crack_3,0.5,0.5,0,water,,1.9,
340,Whiscash ,110,78,73,76,71,60,75,Water ,Ground,Fish,,Level:-1,tile crack_3,1,0.8,0,water,0.5,23.6,
341,Corphish ,43,80,65,50,35,35,205,Water ,,Crustacea,342,Level:30,tile crack_3,0.8,0.8,0,water,,11.5,
342,Crawdaunt ,63,120,85,90,55,55,155,Water ,Dark ,Crustacea,,Level:-1,tile crack_3,1.2,1.2,0,water,,32.8,
343,Baltoy ,40,40,55,40,70,55,255,Ground ,Psychic ,Doll,344,Level:36,tile crack_3,0.3,0.65,0,normal,,21.5,
344,Claydol ,60,70,105,70,120,75,90,Ground ,Psychic ,Doll,,Level:-1,tile crack_3,0.7,1.6,0,normal,,107.9,
345,Lileep ,66,41,77,61,87,23,45,Rock ,Grass,Echinoderm,346,Level:40,tile crack_3,0.8,1,0,normal,,23.8,
346,Cradily ,86,81,97,81,107,43,45,Rock ,Grass ,Echinoderm,,Level:-1,tile crack_3,0.8,1.5,0,normal,,60.4,
347,Anorith ,45,95,50,40,50,75,45,Rock ,Bug ,Dome,348,Level:40,tile crack_3,0.9,0.5,0,water,,12.5,
348,Armaldo ,75,125,100,70,80,45,45,Rock ,Bug ,Dome,,Level:-1,tile crack_3,1.4,1.5,0,water,,68.2,
349,Feebas ,20,15,20,10,55,80,255,Water ,,Fish,350,Trade:prismscale,tile crack_3,0.7,0.7,0,water,,7.4,
350,Milotic ,95,60,79,100,125,81,60,Water,,Dragon,,Level:-1,tile crack_3,6.2,1.2,0,water,0.5,162,
351,Castform ,70,70,70,70,70,70,45,Normal ,,Amorphous,,Level:-1,tile crack_3,1,1,0,normal,,0.8,
352,Kecleon ,60,90,70,60,120,40,200,Normal ,,Lizard,,Level:-1,tile crack_3,1,1,0,normal,,22,
353,Shuppet ,44,75,35,63,33,45,225,Ghost,,Doll,354,Level:37,tile crack_3,0.6,0.6,0,floating,,2.3,
354,Banette ,64,115,65,83,63,65,45,Ghost ,,Doll,,Level:-1,tile crack_3,0.7,1.1,0,floating,,12.5,
354,Banette Mega,64,165,75,93,83,75,,Ghost,,,,Level:-1,tile crack_3,1,1,0,floating,,13,
355,Duskull ,20,40,90,30,90,25,190,Ghost ,,Ghost,356,Level:37,tile crack_3,0.8,0.8,0,floating,,15,
356,Dusclops ,40,70,130,60,130,25,90,Ghost ,,Ghost,477,Trade:reapercloth,tile crack_3,1.6,1.6,0,floating,,30.6,
357,Tropius ,99,68,83,72,87,51,200,Grass ,Flying,Plant Dino,,Level:-1,tile crack_3,1.5,2,0,normal,0.55,100,
358,Chimecho ,65,50,70,95,80,65,45,Psychic ,,Chime,,Level:-1,tile crack_3,0.4,0.6,0,floating,,1,
359,Absol ,65,130,60,75,60,75,30,Dark ,,Cat,,Level:-1,tile crack_3,1.2,1.2,0,normal,,47,
359,Absol Mega,65,150,60,115,60,115,,Dark,,,,Level:-1,tile crack_3,1,1,0,normal,,49,
360,Wynaut ,95,23,48,23,48,23,125,Psychic ,,Bright,202,Level:15,tile crack_3,0.3,0.7,0,normal,,14,
361,Snorunt ,50,50,50,50,50,50,190,Ice,,Ice,362 478,Level:42 Stone:dawn:female,tile crack_3 tile crack_3,0.6,1,0,normal,,16.8,
362,Glalie ,80,80,80,80,80,80,75,Ice ,,Ice,,Level:-1,tile crack_3,1.7,1.7,0,floating,,256.5,
363,Spheal ,70,40,50,55,50,25,255,Ice ,Water,Pinniped,364,Level:32,tile crack_3,0.8,0.8,0,water,,39.5,
364,Sealeo ,90,60,70,75,70,45,120,Ice ,Water,Pinniped,365,Level:44,tile crack_3,1.2,1,0,water,,87.6,
365,Walrein ,110,80,90,95,90,65,45,Ice ,Water,Pinniped,,Level:-1,tile crack_3,1.3,1.3,0,water,,150.6,
366,Clamperl ,35,64,85,74,55,32,255,Water ,,Bivalve,367 368,Trade:deepseatooth Trade:deepseascale,tile crack_3 tile crack_3,1,1,0,water,,52.5,
367,Huntail ,55,104,105,94,75,52,60,Water ,,Fish,,Level:-1,tile crack_3,1,1,0,water,,27,
368,Gorebyss ,55,84,105,114,75,52,60,Water ,,Fish,,Level:-1,tile crack_3,1,1,0,water,,22.6,
369,Relicanth ,100,90,130,45,65,55,25,Water ,Rock,Fish,,Level:-1,tile crack_3,0.5:1,0.5,0,water,,23.4,
370,Luvdisc ,43,30,55,40,65,97,225,Water ,,Fish,,Level:-1,tile crack_3,1,1,0,water,,8.7,
371,Bagon ,45,75,60,40,30,50,45,Dragon ,,Dragon,372,Level:30,tile crack_3,0.6,1,0,normal,,42.1,
372,Shelgon ,65,95,100,60,50,50,45,Dragon,,Dragon,373,Level:50,tile crack_3,1.3,1.3,0,normal,,110.5,
373,Salamence ,95,135,80,110,80,100,45,Dragon ,Flying,Dragon,,Level:-1,tile crack_3,1.8:2,1.5,0,flying,0.5,102.6,
373,Salamence Mega,95,145,130,120,90,120,45,Dragon ,Flying,Dragon,,Level:-1,tile crack_3,1.8:2,1.8,0,flying,0.5,112.6,
374,Beldum ,40,55,80,35,60,30,3,Steel ,Psychic ,IronBall,375,Level:20,tile crack_3,0.8,0.5,0,floating,,95.2,
375,Metang ,60,75,100,55,80,50,3,Steel ,Psychic,IronClaw,376,Level:45,tile crack_3,1.5,1.2,0,floating,0.8,202.5,
376,Metagross ,80,135,130,95,90,70,3,Steel ,Psychic,IronLeg,,Level:-1,tile crack_3,2,1.7,0,floating,0.6,550,
376,Metagross Mega,80,135,130,95,90,70,3,Steel ,Psychic,IronLeg,,Level:-1,tile crack_3,2,1.7,0,floating,0.6,942.9,
377,Regirock ,80,100,200,50,100,50,3,Rock,,RockPeak,,Level:-1,tile crack_3,1,1.7,0,normal,,230,
378,Regice ,80,50,100,100,200,50,3,Ice,,Iceberg,,Level:-1,tile crack_3,1,1.8,0,normal,,175,
379,Registeel ,80,75,150,75,150,50,3,Steel,,Iron,,Level:-1,tile crack_3,1,1.9,0,normal,,205,
380,Latias ,80,80,90,110,130,110,3,Dragon ,Psychic,Eon,,Level:-1,tile crack_3,1.4,1,0,flying,0.7,40,381:380`381
381,Latios ,80,90,80,130,110,110,3,Dragon ,Psychic,Eon,,Level:-1,tile crack_3,2,1.5,0,flying,0.7,60,
382,Kyogre ,100,100,90,150,140,90,5,Water ,,Whale,,Level:-1,tile crack_3,3.9,2,0,water,0.4,352,
382,Kyogre Primal,100,100,90,150,140,90,5,Water ,,Whale,,Level:-1,tile crack_3,3.9,2,0,water,0.4,430,
383,Groudon ,100,150,140,100,90,90,5,Ground ,,Continent,,Level:-1,tile crack_3,2.2,3.7,0,normal,0.8,950,
383,Groudon Primal,100,150,140,100,90,90,5,Ground ,,Continent,,Level:-1,tile crack_3,2.2,3.7,0,normal,0.8,999.7,
384,Rayquaza ,105,150,90,150,90,95,3,Dragon ,Flying,SkyHigh,,Level:-1,tile crack_3,1.0:8.0,1,0,flying,,206.5,
385,Jirachi ,100,100,100,100,100,100,3,Steel ,Psychic ,Wish,,Level:-1,tile crack_3,0.5,0.5,0,flying,,1.1,
386,Deoxys,50,150,50,150,50,150,3,Psychic ,,DNA,,Level:-1,tile crack_3,1,1.7,0,flying,,60.8,
386,Deoxys Speed,50,95,90,95,90,180,3,Psychic ,,,,Level:-1,tile crack_3,1,1.7,0,flying,,60.8,
386,Deoxys Attack,50,180,20,180,20,150,3,Psychic ,,,,Level:-1,tile crack_3,1,1.7,0,flying,,60.8,
386,Deoxys Defense,50,70,160,70,160,90,3,Psychic ,,,,Level:-1,tile crack_3,1,1.7,0,flying,,60.8,
387,Turtwig ,55,68,64,45,55,31,45,Grass,,Turtle,388,Level:18,tile crack_18,0.5,0.6,0,normal,,10.2,
388,Grotle ,75,89,85,55,65,36,45,Grass ,,Turtle,389,Level:32,tile crack_18,1.2,1.2,0,normal,,97,
389,Torterra ,95,109,105,75,85,56,45,Grass ,Ground,Turtle,,Level:-1,tile crack_3,2.2,1.9,0,normal,,310,
390,Chimchar ,44,58,44,58,44,61,45,Fire ,,Monkey,391,Level:14,tile crack_3,0.4,0.6,0,normal,,6.2,
391,Monferno ,64,78,52,78,52,81,45,Fire ,Fighting,Monkey,392,Level:36,tile crack_3,0.7,1,0,normal,,22,
392,Infernape ,76,104,71,104,71,108,45,Fire ,Fighting ,Monkey,,Level:-1,tile crack_3,1,1.2,0,normal,,55,
393,Piplup ,53,51,53,61,56,40,45,Water,,Bird,394,Level:16,tile crack_3,0.4,0.6,0,normal,,5.2,
394,Prinplup ,64,66,68,81,76,50,45,Water,,Bird,395,Level:36,tile crack_3,0.7,1,0,normal,,23,
395,Empoleon ,84,86,88,111,101,60,45,Water ,Steel ,Bird,,Level:-1,tile crack_3,1,1.7,0,normal,,84.5,
396,Starly ,40,55,30,30,30,60,255,Normal ,Flying,Bird,397,Level:14,tile crack_3,0.6,0.6,0,flying,,2,
397,Staravia ,55,75,50,40,40,80,120,Normal ,Flying,Bird,398,Level:34,tile crack_3,0.8,0.8,0,flying,,15.5,
398,Staraptor ,85,120,70,50,60,100,45,Normal ,Flying,Bird,,Level:-1,tile crack_3,1,1.2,0,flying,,24.9,
399,Bidoof ,59,45,40,35,40,31,255,Normal ,,Rodent,400,Level:15,tile crack_3,1,1,0,normal,,20,
400,Bibarel ,79,85,60,55,60,71,127,Normal ,Water ,Rodent,,Level:-1,tile crack_3,1,1,0,normal,,31.5,
401,Kricketot ,37,25,41,25,41,25,255,Bug ,,Insecta,402,Level:10,tile crack_3,1,1,0,normal,,2.2,
402,Kricketune ,77,85,51,55,51,65,45,Bug ,,Insecta,,Level:-1,tile crack_3,1,1,0,normal,,25.5,
403,Shinx ,45,65,34,40,34,45,235,Electric,,Cat,404,Level:15,tile crack_3,1,1,0,normal,,9.5,
404,Luxio ,60,85,49,60,49,60,120,Electric ,,Cat,405,Level:30,tile crack_3,1,1,0,normal,,30.5,
405,Luxray ,80,120,79,95,79,70,45,Electric ,,Cat,,Level:-1,tile crack_3,1,1,0,normal,,42,
406,Budew ,40,30,35,50,70,55,255,Grass ,Poison ,Plant,315,Happiness:day,tile crack_3,0.6,0.5,0,normal,,1.2,
407,Roserade ,60,70,65,125,105,90,75,Grass ,Poison,Plant,,Level:-1,tile crack_3,1,1,0,normal,,14.5,
408,Cranidos ,67,125,40,30,30,58,45,Rock ,,Dino,409,Level:30,tile crack_3,1,1,0,normal,,31.5,
409,Rampardos ,97,165,60,65,50,58,45,Rock,,Dino,,Level:-1,tile crack_3,1.4,1.6,0,normal,,102.5,
410,Shieldon ,30,42,118,42,88,30,45,Rock ,Steel,Dino,411,Level:30,tile crack_3,0.6,0.6,0,normal,,57,
411,Bastiodon ,60,52,168,47,138,30,45,Rock ,Steel ,Dino,,Level:-1,tile crack_3,1.4,1.65,0,normal,0.7,149.5,
412,Burmy ,40,29,45,29,45,36,120,Bug ,,Insecta,413 414,Level:20:female Level:20:male,tile crack_3 tile crack_3,0.2,0.3,0,normal,,3.4,
413,Wormadam,60,59,85,79,105,36,45,Bug ,Grass,Insecta,,Level:-1,tile crack_3,0.5,0.5,0,normal,,6.5,
413,Wormadam Sandy,60,79,105,59,85,36,45,Bug ,Ground,,,Level:-1,tile crack_3,0.5,0.5,0,normal,,6.5,
413,Wormadam Trash,60,69,95,69,95,36,45,Bug ,Steel ,,,Level:-1,tile crack_3,0.5,0.5,0,normal,,6.5,
414,Mothim ,70,94,50,94,50,66,45,Bug ,Flying,Insecta,,Level:-1,tile crack_3,0.9,0.9,0,flying,,23.3,
415,Combee ,30,30,42,30,42,70,120,Bug ,Flying ,Insecta,416,Level:21:female,tile crack_3,0.3,0.3,0,flying,,5.5,
416,Vespiquen ,70,80,102,80,102,40,45,Bug ,Flying,Insecta,,Level:-1,tile crack_3,0.6,1.2,0,flying,,38.5,
417,Pachirisu ,60,45,70,45,90,95,200,Electric,,Rodent,,Level:-1,tile crack_3,0.4,0.4,0,normal,,3.9,
418,Buizel ,55,65,35,60,30,85,190,Water ,,Mustela,419,Level:26,tile crack_3,1,1,0,water,,29.5,
419,Floatzel ,85,105,55,85,50,115,75,Water ,,Mustela,,Level:-1,tile crack_3,1,1,0,water,,33.5,
420,Cherubi ,45,35,45,62,53,35,190,Grass ,,Plant,421,Level:25,tile crack_3,1,1,0,normal,,3.3,
421,Cherrim ,70,60,70,87,78,85,75,Grass ,,Plant,,Level:-1,tile crack_3,1,1,0,normal,,9.3,
422,Shellos ,76,48,48,57,62,34,190,Water,,Gastropoda,423,Level:30,tile crack_3,1,1,0,water,,6.3,
423,Gastrodon ,111,83,68,92,82,39,75,Water ,Ground ,Gastropoda,,Level:-1,tile crack_3,1,1,0,water,,29.9,
424,Ambipom ,75,100,66,60,66,115,45,Normal ,,Monkey,,Level:-1,tile crack_3,1.2,1.2,0,normal,,20.3,
425,Drifloon ,90,50,34,60,44,70,125,Ghost ,Flying ,Balloon,426,Level:28,tile crack_3,0.6,0.6,0,floating,,1.2,
426,Drifblim ,150,80,44,90,54,80,60,Ghost ,Flying ,Balloon,,Level:-1,tile crack_3,1,1.2,0,floating,,15,
427,Buneary ,55,66,44,44,56,85,190,Normal ,,Leporidae,428,Happiness,tile crack_3,1,1,0,normal,,5.5,
428,Lopunny ,65,76,84,54,96,105,60,Normal ,,Leporidae,,Level:-1,tile crack_3,1,1,0,normal,,33.3,
428,Lopunny Mega,65,76,84,54,96,105,60,Normal ,,Leporidae,,Level:-1,tile crack_3,1,1,0,normal,,28.3,
429,Mismagius ,60,60,60,105,105,105,45,Ghost,,Ghost,,Level:-1,tile crack_3,0.8,0.9,0,floating,,4.4,
430,Honchkrow ,100,125,52,105,52,71,30,Dark ,Flying ,Bird,,Level:-1,tile crack_3,1,1,0,flying,,27.3,
431,Glameow ,49,55,42,42,37,85,190,Normal ,,Cat,432,Level:38,tile crack_3,1,1,0,normal,,3.9,
432,Purugly ,71,82,64,64,59,112,75,Normal,,Cat,,Level:-1,tile crack_3,1,1,0,normal,,43.8,
433,Chingling ,45,30,50,65,50,45,120,Psychic ,,Chime,358,Happiness:night,tile crack_3,0.5,0.5,0,floating,,0.6,
434,Stunky ,63,63,47,41,41,74,225,Poison ,Dark,Mustela,435,Level:34,tile crack_3,1,1,0,normal,,19.2,
435,Skuntank ,103,93,67,71,61,84,60,Poison ,Dark,Mustela,,Level:-1,tile crack_3,1,1,0,normal,,38,
436,Bronzor ,57,24,86,24,86,23,255,Steel ,Psychic ,Bronze,437,Level:33,tile crack_3,0.5,0.5,0,floating,,60.5,
437,Bronzong ,67,89,116,79,116,33,90,Steel ,Psychic ,Chime,,Level:-1,tile crack_3,1,1.3,0,floating,,187,
438,Bonsly ,50,80,95,10,45,10,255,Rock ,,Bonsai,185,Move:mimic,tile crack_3,0.5,0.7,0,normal,,15,
439,Mime Jr. ,20,25,45,70,90,60,145,Psychic ,Fairy,Mime,122,Move:mimic,tile crack_3,1,1,0,normal,,13,
440,Happiny ,100,5,5,15,65,30,130,Normal ,,Playhouse,113,Level:ovalstone:day,tile crack_3,0.5,0.6,0,normal,,24.4,
441,Chatot ,76,65,45,92,42,91,30,Normal ,Flying ,Bird,,Level:-1,tile crack_3,1,1,0,flying,,1.9,
442,Spiritomb ,50,92,108,92,108,35,100,Ghost ,Dark,Ghost,,Level:-1,tile crack_3,1,1,0,floating,,108,
443,Gible ,58,70,45,40,45,42,45,Dragon ,Ground ,Dragon,444,Level:24,tile crack_3,1,1,0,normal,,20.5,
444,Gabite ,68,90,65,50,55,82,45,Dragon ,Ground ,Dragon,445,Level:48,tile crack_3,1,1,0,normal,,56,
445,Garchomp ,108,130,95,80,85,102,45,Dragon ,Ground ,Dragon,,Level:-1,tile crack_3,1,1,0,normal,,95,
445,Garchomp Mega,108,170,115,120,95,92,,Dragon ,Ground ,,,Level:-1,tile crack_3,1,1,0,normal,,95,
446,Munchlax ,135,85,40,40,85,5,50,Normal,,BigEater,143,Happiness,tile crack_3,1,1,0,normal,,105,
447,Riolu ,40,70,40,35,40,60,75,Fighting,,Emanation,448,Happiness,tile crack_3,0.6,0.7,0,normal,,20.2,
448,Lucario ,70,110,70,115,70,90,45,Fighting ,Steel,Aura,,Level:-1,tile crack_3,1,1.2,0,normal,,54,
448,Lucario Mega,70,145,88,140,70,112,,Fighting ,Steel,,,Level:-1,tile crack_3,1,1,0,normal,,57.5,
449,Hippopotas ,68,72,78,38,42,32,140,Ground ,,Artiodactyla,450,Level:34,tile crack_3,0.8,0.8,0,normal,,49.5,
450,Hippowdon ,108,112,118,68,72,47,60,Ground ,,Artiodactyla,,Level:-1,tile crack_3,2,1,0,normal,,300,
451,Skorupi ,40,50,90,30,55,65,120,Poison ,Bug,Arachnida,452,Level:40,tile crack_3,1,1,0,normal,,12,
452,Drapion ,70,90,110,60,75,95,45,Poison ,Dark ,Arachnida,,Level:-1,tile crack_3,1,1,0,normal,,61.5,
453,Croagunk ,48,61,40,61,40,50,140,Poison ,Fighting ,Frog,454,Level:37,tile crack_3,1,1,0,normal,,23,
454,Toxicroak ,83,106,65,86,65,85,75,Poison ,Fighting,Frog,,Level:-1,tile crack_3,1,1,0,normal,,44.4,
455,Carnivine ,74,100,72,90,72,46,200,Grass ,,Plant,,Level:-1,tile crack_3,1,1,0,normal,,27,
456,Finneon ,49,49,56,49,61,66,190,Water ,,Fish,457,Level:31,tile crack_3,1,1,0,water,,7,
457,Lumineon ,69,69,76,69,86,91,75,Water ,,Fish,,Level:-1,tile crack_3,1,1,0,water,,24,
458,Mantyke ,45,20,50,60,120,50,25,Water ,Flying,Kite,226,Level:-1,tile crack_3,1,1,0,water,,65,
459,Snover ,60,62,50,62,60,40,120,Grass ,Ice,Plant,460,Level:40,tile crack_3,1,1,0,normal,,50.5,
460,Abomasnow ,90,92,75,92,85,60,60,Grass ,Ice ,Plant,,Level:-1,tile crack_3,1,1,0,normal,,135.5,
460,Abomasnow Mega,90,132,105,132,105,30,,Grass ,Ice ,,,Level:-1,tile crack_3,1,1,0,normal,,185,
461,Weavile ,70,120,65,45,85,125,45,Dark ,Ice,Mustela,,Level:-1,tile crack_3,1,1.1,0,normal,,34,
462,Magnezone ,70,70,115,130,90,60,30,Electric ,Steel,Magnet,,Level:-1,tile crack_3,1.2,0.8,0,floating,,180,
463,Lickilicky ,110,85,95,80,95,50,30,Normal ,,Licking,,Level:-1,tile crack_3,1,1,0,normal,,140,
464,Rhyperior ,115,140,130,55,55,40,30,Ground ,Rock,Drill,,Level:-1,tile crack_3,1,1,0,normal,,282.8,
465,Tangrowth ,100,100,125,110,50,50,30,Grass,,Plant,,Level:-1,tile crack_3,1,1,0,normal,,128.6,
466,Electivire ,75,123,67,95,85,95,30,Electric ,,Thunderbolt,,Level:-1,tile crack_3,1,1,0,normal,,138.6,
467,Magmortar ,75,95,67,125,95,83,30,Fire,,Blast,,Level:-1,tile crack_3,1,1,0,normal,,68,
468,Togekiss ,85,50,95,120,115,80,30,Fairy ,Flying,Jubilee,,Level:-1,tile crack_3,1,1,0,flying,,38,
469,Yanmega ,86,76,86,116,56,95,30,Bug ,Flying,Insecta,,Level:-1,tile crack_3,1.9,1,0,flying,,51.5,
470,Leafeon ,65,110,130,60,65,95,45,Grass ,,Fox,,Level:-1,tile crack_3,1,1,0,normal,,25.5,
471,Glaceon ,65,60,110,130,95,65,45,Ice ,,Fox,,Level:-1,tile crack_3,1,1,0,normal,,25.9,
472,Gliscor ,75,95,125,45,75,95,30,Ground ,Flying ,Arachnida,,Level:-1,tile crack_3,1.8,1.8,0,flying,,42.5,
473,Mamoswine ,110,130,80,70,60,80,50,Ice ,Ground,Pig,,Level:-1,tile crack_3,2.5,2.5,0,normal,,291,
474,Porygon-Z ,85,80,70,135,75,90,30,Normal,,Virtual,,Level:-1,tile crack_3,0.9,0.9,0,floating,,34,
475,Gallade ,68,125,65,65,115,80,45,Psychic ,Fighting ,Blade,,Level:-1,tile crack_3,0.6,1.6,0,normal,,52,
475,Gallade Mega,68,165,95,65,115,110,45,Psychic ,Fighting ,Blade,,Level:-1,tile crack_3,0.6,1.6,0,normal,,52,
476,Probopass ,60,55,145,75,150,40,60,Rock ,Steel,Rock,,Level:-1,tile crack_3,0.8,1.6,0,normal,,340,
477,Dusknoir ,45,100,135,65,135,45,45,Ghost ,,Ghost,,Level:-1,tile crack_3,2.2,2.2,0,floating,,106.6,
478,Froslass ,70,80,70,80,70,110,75,Ice ,Ghost ,Ice,,Level:-1,tile crack_3,0.6,1.4,0,floating,,26.6,
479,Rotom,50,50,77,95,77,91,45,Electric ,Ghost,Plasma,,Level:-1,tile crack_3,1,1,0,floating,,0.3,
479,Rotom Fan,50,65,107,105,107,86,45,Electric,Flying,,,Level:-1,tile crack_3,1,1,0,floating,,0.3,
479,Rotom Frost,50,65,107,105,107,86,45,Electric,Ice,,,Level:-1,tile crack_3,1,1,0,floating,,0.3,
479,Rotom Heat,50,65,107,105,107,86,45,Electric,Fire,,,Level:-1,tile crack_3,1,1,0,floating,,0.3,
479,Rotom Mow,50,65,107,105,107,86,45,Electric,Grass,,,Level:-1,tile crack_3,1,1,0,floating,,0.3,
479,Rotom Wash,50,65,107,105,107,86,45,Electric,Water,,,Level:-1,tile crack_3,1,1,0,floating,,0.3,
480,Uxie ,75,75,130,75,130,95,3,Psychic ,,Knowledge,,Level:-1,tile crack_3,1,1,0,floating,,0.3,
481,Mesprit ,80,105,105,105,105,80,3,Psychic,,Emotion,,Level:-1,tile crack_3,1,1,0,floating,,0.3,
482,Azelf ,75,125,70,125,70,115,3,Psychic ,,Willpower,,Level:-1,tile crack_3,1,1,0,floating,,0.3,
483,Dialga ,100,120,120,150,100,90,30,Steel ,Dragon ,Level:-1oral,,Level:-1,tile crack_3,1,1,0,normal,,683,
484,Palkia ,90,120,100,150,120,100,30,Water ,Dragon,Spatial,,Level:-1,tile crack_3,1,1,0,normal,,336,
485,Heatran ,91,90,106,130,106,77,3,Fire ,Steel ,Lava Dome,,Level:-1,tile crack_3,1,1,0,normal,,430,
486,Regigigas ,110,160,110,80,110,100,3,Normal,,Colossal,,Level:-1,tile crack_3,1,1,0,normal,,420,
487,Giratina,150,100,120,100,120,90,3,Ghost ,Dragon ,Renegade,,Level:-1,tile crack_3,1,1,0,flying,,750,
487,Giratina Origin,150,120,100,120,100,90,3,Ghost ,Dragon ,,,Level:-1,tile crack_3,1,1,0,normal,,650,
488,Cresselia ,120,70,120,75,130,85,3,Psychic ,,Lunar,,Level:-1,tile crack_3,1,1,0,floating,,85.6,
489,Phione ,80,80,80,80,80,80,30,Water,,Sea Drifter,,Level:-1,tile crack_3,0.4,0.4,0,normal,,3.1,
490,Manaphy ,100,100,100,100,100,100,3,Water,,Seafaring,,Level:-1,tile crack_3,0.3,0.3,0,normal,,1.4,0:489
491,Darkrai ,70,90,90,135,90,125,3,Dark ,,Pitch-Black,,Level:-1,tile crack_3,1,1,0,floating,,50.5,
492,Shaymin Land,100,100,100,100,100,100,45,Grass,,Gratitude,,Level:-1,tile crack_3,1,1,0,normal,,2.1,
492,Shaymin Sky,100,103,75,120,75,127,45,Grass,Flying,,,Level:-1,tile crack_3,1,1,0,flying,,5.2,
493,Arceus ,120,120,120,120,120,120,3,Normal ,,Alpha,,Level:-1,tile crack_3,1,1,0,normal,,320,
494,Victini ,100,100,100,100,100,100,3,Psychic ,Fire,Victory,,Level:-1,tile crack_3,0.5,0.5,0,normal,,4,
495,Snivy ,45,45,55,45,55,63,45,Grass,,Snake,496,Level:17,tile crack_18,0.6,0.8,0,normal,,8.1,
496,Servine ,60,60,75,60,75,83,45,Grass,,Snake,497,Level:36,tile crack_18,1,1,0,normal,,16,
497,Serperior ,75,75,95,75,95,113,45,Grass,,Snake,,Level:-1,tile crack_3,2.3,1.6,0,normal,0.5,63,
498,Tepig ,65,63,45,45,45,45,45,Fire,,Pig,499,Level:17,tile crack_55,0.6,0.7,0,normal,,9.9,
499,Pignite ,90,93,55,70,55,55,45,Fire ,Fighting,Pig,500,Level:36,tile crack_55,1,1.2,0,normal,,55.5,
500,Emboar ,110,123,65,100,65,65,45,Fire ,Fighting ,Pig,,Level:-1,tile crack_3,1.6,1.8,0,normal,,150,
501,Oshawott ,55,55,45,63,45,45,45,Water ,,Mustela,502,Level:17,tile crack_9,0.6,0.7,0,normal,,5.9,
502,Dewott ,75,75,60,83,60,60,45,Water ,,Mustela,503,Level:36,tile crack_9,0.79,1.2,0,normal,,24.5,
503,Samurott ,95,100,85,108,70,70,45,Water,,Mustela,,Level:-1,tile crack_3,1.4,1.7,0,normal,0.8,94.6,
504,Patrat ,45,55,39,35,39,42,255,Normal,,Mustela,505,Level:20,tile crack_3,1,1,0,normal,,11.6,
505,Watchog ,60,85,69,60,69,77,255,Normal,,Mustela,,Level:-1,tile crack_3,1,1,0,normal,,27,
506,Lillipup ,45,60,45,25,45,55,255,Normal ,,Dog,507,Level:16,tile crack_3,1,1,0,normal,,4.1,
507,Herdier ,65,80,65,35,65,60,120,Normal ,,Dog,508,Level:32,tile crack_3,1,1,0,normal,,14.7,
508,Stoutland ,85,110,90,45,90,80,45,Normal,,Dog,,Level:-1,tile crack_3,1,1,0,normal,,61,
509,Purrloin ,41,50,37,50,37,66,255,Dark,,Cat,510,Level:20,tile crack_3,1,1,0,normal,,10.1,
510,Liepard ,64,88,50,88,50,106,90,Dark ,,Cat,,Level:-1,tile crack_3,1,1,0,normal,,37.5,
511,Pansage ,50,53,48,53,48,64,65,Grass,,Monkey,512,Stone:leaf,tile crack_3,1,1,0,normal,,10.5,
512,Simisage ,75,98,63,98,63,101,65,Grass,,Monkey,,Level:-1,tile crack_3,1,1,0,normal,,30.5,
513,Pansear ,50,53,48,53,48,64,65,Fire,,Monkey,514,Stone:fire,tile crack_3,1,1,0,normal,,11,
514,Simisear ,75,98,63,98,63,101,65,Fire,,Monkey,,Level:-1,tile crack_3,1,1,0,normal,,28,
515,Panpour ,50,53,48,53,48,64,65,Water,,Monkey,516,Stone:water,tile crack_3,1,1,0,normal,,13.5,
516,Simipour ,75,98,63,98,63,101,65,Water,,Monkey,,Level:-1,tile crack_3,1,1,0,normal,,29,
517,Munna ,76,25,45,67,55,24,190,Psychic,,DreamEater,518,Stone:moon,tile crack_3,0.7,0.7,0,floating,,23.3,
518,Musharna ,116,55,85,107,95,29,75,Psychic ,,Drowsing,,Level:-1,tile crack_3,1.1,1.1,0,floating,0.8,60.5,
519,Pidove ,50,55,50,36,30,43,255,Normal ,Flying,Bird,520,Level:21,tile crack_3,0.5,0.5,0,flying,,2.1,
520,Tranquill ,62,77,62,50,42,65,120,Normal ,Flying,Bird,521,Level:32,tile crack_3,0.8,0.8,0,flying,,15,
521,Unfezant ,80,115,80,65,55,93,45,Normal,Flying,Bird,,Level:-1,tile crack_3,1.2,1.2,0,flying,,29,
522,Blitzle ,45,60,32,50,32,76,190,Electric ,,Electrified,523,Level:27,tile crack_3,0.9,0.9,0,normal,,29.8,
523,Zebstrika ,75,100,63,80,63,116,75,Electric,,Thunderbolt,,Level:-1,tile crack_3,1,1.6,0,normal,0.8,79.5,
524,Roggenrola ,55,75,85,25,25,15,255,Rock,,Rock,525,Level:25,tile crack_3,1,1,0,normal,,18,
525,Boldore ,70,105,105,50,40,20,120,Rock ,,Rock,526,Trade:,tile crack_3,1,1,0,normal,,102,
526,Gigalith ,85,135,130,60,80,25,45,Rock ,,Rock,,Level:-1,tile crack_3,1,1,0,normal,,260,
527,Woobat ,55,45,43,55,43,72,190,Psychic ,Flying,Bat,528,Happiness,tile crack_3,1,1,0,flying,,2.1,
528,Swoobat ,67,57,55,77,55,114,45,Psychic ,Flying ,Bat,,Level:-1,tile crack_3,1,1,0,flying,,10.5,
529,Drilbur ,60,85,40,30,45,68,120,Ground ,,Mole,530,Level:31,tile crack_3,1,1,0,normal,,8.5,
530,Excadrill ,110,135,60,50,65,88,60,Ground ,Steel ,Mole Drill,,Level:-1,tile crack_3,1,1,0,normal,,40.4,
531,Audino ,103,60,86,60,86,50,255,Normal ,,Hearing,,Level:-1,tile crack_3,1,1,0,normal,,31,
531,Audino Mega,103,60,86,60,86,50,255,Normal ,,Hearing,,Level:-1,tile crack_3,1,1,0,normal,,32,
532,Timburr ,75,80,55,25,35,35,180,Fighting,,Fighter,533,Level:25,tile crack_3,1,1,0,normal,,12.5,
533,Gurdurr ,85,105,85,40,50,40,90,Fighting ,,Fighter,534,Trade:,tile crack_3,1,1,0,normal,,40,
534,Conkeldurr ,105,140,95,55,65,45,45,Fighting ,,Fighter,,Level:-1,tile crack_3,1,1,0,normal,,87,
535,Tympole ,50,50,40,50,40,64,255,Water,,Tadpole,536,Level:25,tile crack_3,0.6,0.6,0,water,,4.5,
536,Palpitoad ,75,65,55,65,55,69,120,Water ,Ground,Tadpole,537,Level:36,tile crack_3,0.9,0.9,0,water,,17,
537,Seismitoad ,105,95,75,85,75,74,45,Water ,Ground,Tadpole,,Level:-1,tile crack_3,1,1.5,0,water,,62,
538,Throh ,120,100,85,30,85,45,45,Fighting,,Fighter,,Level:-1,tile crack_3,1,1,0,normal,,55.5,
539,Sawk ,75,125,75,30,75,85,45,Fighting,,Fighter,,Level:-1,tile crack_3,1,1,0,normal,,51,
540,Sewaddle ,45,53,70,40,60,42,255,Bug ,Grass,Leaf Insecta,541,Level:20,tile crack_3,1,1,0,normal,,2.5,
541,Swadloon ,55,63,90,50,80,42,120,Bug ,Grass,Leaf Insecta,542,Happiness,tile crack_3,1,1,0,normal,,7.3,
542,Leavanny ,75,103,80,70,80,92,45,Bug ,Grass,Leaf Insecta,,Level:-1,tile crack_3,1,1,0,normal,,20.5,
543,Venipede ,30,45,59,30,39,57,255,Bug ,Poison,Myriapoda,544,Level:22,tile crack_3,0.5,0.5,0,normal,,5.3,
544,Whirlipede ,40,55,99,40,79,47,120,Bug ,Poison,Myriapoda,545,Level:30,tile crack_3,1.2,1.2,0,normal,,58.5,
545,Scolipede ,60,100,89,55,69,112,45,Bug ,Poison,Myriapoda,,Level:-1,tile crack_3,2,2,0,normal,0.7,200.5,
546,Cottonee ,40,27,60,37,50,66,190,Grass ,Fairy ,Cotton,547,Stone:sun,tile crack_3,0.5,0.5,0,normal,,0.6,
547,Whimsicott ,60,67,85,77,75,116,75,Grass ,Fairy,Cotton,,Level:-1,tile crack_3,1,1,0,normal,,6.6,
548,Petilil ,45,35,50,70,50,30,190,Grass,,Plant,549,Stone:sun,tile crack_3,0.5,0.5,0,normal,,6.6,
549,Lilligant ,70,60,75,110,75,90,75,Grass ,,Plant,,Level:-1,tile crack_3,1.2,1.2,0,normal,,16.3,
550,Basculin ,70,92,65,80,55,98,25,Water ,,Fish,,Level:-1,tile crack_3,1,1,0,water,,18,
551,Sandile ,50,72,35,35,35,65,180,Ground ,Dark,Croc,552,Level:29,tile crack_3,0.8,0.5,0,normal,,15.2,
552,Krokorok ,60,82,45,45,45,74,90,Ground ,Dark ,Croc,553,Level:40,tile crack_3,1,1,0,normal,,33.4,
553,Krookodile ,95,117,80,65,70,92,45,Ground ,Dark ,Croc,,Level:-1,tile crack_3,1.5,1.5,0,normal,,96.3,
554,Darumaka ,70,90,45,15,45,50,120,Fire ,,ZenCharm,555,Level:35,tile crack_3,1,1,0,normal,,37.5,
555,Darmanitan,105,140,55,30,55,95,60,Fire ,,Blazing,,Level:-1,tile crack_3,1,1,0,normal,,92.9,
555,Darmanitan Zen,105,30,105,140,105,55,60,Fire,Psychic,,,Level:-1,tile crack_3,1,1,0,normal,,92.9,
556,Maractus ,75,86,67,106,67,60,255,Grass,,Cactus,,Level:-1,tile crack_3,1,1,0,normal,,28,
557,Dwebble ,50,65,85,35,35,55,190,Bug ,Rock ,Crustacea Insecta,558,Level:34,tile crack_3,0.5,0.5,0,normal,,14.5,
558,Crustle ,70,95,125,65,75,45,75,Bug ,Rock ,Crustacea Insecta,,Level:-1,tile crack_3,1.4,1.4,0,normal,,200,
559,Scraggy ,50,75,70,35,70,48,180,Dark ,Fighting,Shedding,560,Level:39,tile crack_3,1,1,0,normal,,11.8,
560,Scrafty ,65,90,115,45,115,58,90,Dark ,Fighting,Hoodlum,,Level:-1,tile crack_3,1,1,0,normal,,30,
561,Sigilyph ,72,58,80,103,80,97,45,Psychic ,Flying,Bird,,Level:-1,tile crack_3,1,1,0,flying,,14,
562,Yamask ,38,30,85,55,65,30,190,Ghost,,Spirit,563,Level:34,tile crack_3,1,1,0,floating,,1.5,
563,Cofagrigus ,58,50,145,95,105,30,90,Ghost ,,Coffin,,Level:-1,tile crack_3,1,1,0,normal,,76.5,
564,Tirtouga ,54,78,103,53,45,22,45,Water ,Rock,Turtle,565,Level:37,tile crack_3,1,1,0,normal,,16.5,
565,Carracosta ,74,108,133,83,65,32,45,Water ,Rock ,Turtle,,Level:-1,tile crack_3,1,1,0,normal,,81,
566,Archen ,55,112,45,74,45,70,45,Rock ,Flying ,Bird,567,Level:37,tile crack_3,1,1,0,flying,,9.5,
567,Archeops ,75,140,65,112,65,110,45,Rock ,Flying ,Bird,,Level:-1,tile crack_3,1,1,0,flying,,32,
568,Trubbish ,50,50,62,40,62,65,190,Poison,,Amorphous,569,Level:36,tile crack_3,1,1,0,normal,,31,
569,Garbodor ,80,95,82,60,82,75,60,Poison ,,Amorphous,,Level:-1,tile crack_3,1,1,0,normal,,107.3,
570,Zorua ,40,65,40,80,40,65,75,Dark,,Fox,571,Level:30,tile crack_3,0.8,0.8,0,normal,,12.5,
571,Zoroark ,60,105,60,120,60,105,45,Dark,,Fox,,Level:-1,tile crack_3,1.2,1.8,0,normal,,81.1,
572,Minccino ,55,50,40,40,40,75,255,Normal,,Rodent,573,Stone:shiny,tile crack_3,1,1,0,normal,,5.8,
573,Cinccino ,75,95,60,65,60,115,60,Normal ,,Rodent,,Level:-1,tile crack_3,1,1,0,normal,,7.5,
574,Gothita ,45,30,50,55,65,45,200,Psychic ,,Hominid,575,Level:32,tile crack_3,1,1,0,normal,,5.8,
575,Gothorita ,60,45,70,75,85,55,100,Psychic ,,Hominid,576,Level:41,tile crack_3,1,1,0,normal,,18,
576,Gothitelle ,70,55,95,95,110,65,50,Psychic ,,Hominid,,Level:-1,tile crack_3,1,1,0,normal,,44,
577,Solosis ,45,30,40,105,50,20,200,Psychic,,Amorphous,578,Level:32,tile crack_3,0.5,0.5,0,floating:1.2,,1,
578,Duosion ,65,40,50,125,60,30,100,Psychic ,,Amorphous,579,Level:41,tile crack_3,0.8,0.8,0,floating,,8,
579,Reuniclus ,110,65,75,125,85,30,50,Psychic,,Amorphous,,Level:-1,tile crack_3,1.2,1,0,floating,,20.1,
580,Ducklett ,62,44,50,44,50,55,190,Water ,Flying ,Bird,581,Level:35,tile crack_3,1,1,0,flying,,5.5,
581,Swanna ,75,87,63,87,63,98,45,Water ,Flying,Bird,,Level:-1,tile crack_3,1,1,0,flying,,24.2,
582,Vanillite ,36,50,50,65,60,44,255,Ice,,Ice,583,Level:35,tile crack_3,1,1,0,floating,,5.7,
583,Vanillish ,51,65,65,80,75,59,120,Ice,,Ice,584,Level:47,tile crack_3,1,1,0,floating,,41,
584,Vanilluxe ,71,95,85,110,95,79,45,Ice,,Ice,,Level:-1,tile crack_3,1,1,0,floating,,57.5,
585,Deerling ,60,60,50,40,50,75,190,Normal ,Grass ,Artiodactyla,586,Level:34,tile crack_3,1,1,0,normal,,19.5,
586,Sawsbuck ,80,100,70,60,70,95,75,Normal ,Grass,Artiodactyla,,Level:-1,tile crack_3,1.9,1.9,0,normal,,92.5,
587,Emolga ,55,75,60,75,60,103,200,Electric ,Flying ,Rodent,,Level:-1,tile crack_3,0.5,0.5,0,flying,,5,
588,Karrablast ,50,75,45,40,45,60,200,Bug ,,Insecta,589,Level:-1,tile crack_3,1,1,0,normal,,5.9,
589,Escavalier ,70,135,105,60,105,20,75,Bug ,Steel ,Insecta,,Level:-1,tile crack_3,1,1,0,floating,,33,
590,Foongus ,69,55,45,55,55,15,190,Grass ,Poison ,Mushroom,591,Level:39,tile crack_3,0.3,0.3,0,normal,,1,
591,Amoonguss,114,85,70,85,80,30,75,Grass ,Poison ,Mushroom,,Level:-1,tile crack_3,0.6,0.6,0,normal,,10.5,
592,Frillish ,55,40,50,65,85,40,190,Water ,Ghost ,Jellyfish,593,Level:40,tile crack_3,1,1,0,normal,,33,
593,Jellicent ,100,60,70,85,105,60,60,Water ,Ghost ,Jellyfish,,Level:-1,tile crack_3,1,1,0,normal,,135,
594,Alomomola ,165,75,80,40,45,65,75,Water ,,Fish,,Level:-1,tile crack_3,1.2,1.2,0,water,,31.6,
595,Joltik ,50,47,50,57,50,65,190,Bug ,Electric ,Arachnida,596,Level:36,tile crack_3,0.5,0.5,0,normal,,0.6,
596,Galvantula ,70,77,60,97,60,108,75,Bug ,Electric ,Arachnida,,Level:-1,tile crack_3,0.9,0.9,0,normal,,14.3,
597,Ferroseed ,44,50,91,24,86,10,255,Grass ,Steel ,Plant,598,Level:40,tile crack_3,1,1,0,normal,,18.8,
598,Ferrothorn ,74,94,131,54,116,20,90,Grass ,Steel ,Plant,,Level:-1,tile crack_3,1,1,0,normal,,110,
599,Klink ,40,55,70,45,60,30,130,Steel ,,Gear,600,Level:38,tile crack_3,1,1,0,floating,,21,
600,Klang ,60,80,95,70,85,50,60,Steel ,,Gear,601,Level:49,tile crack_3,1,1,0,floating,,51,
601,Klinklang ,60,100,115,70,85,90,30,Steel ,,Gear,,Level:-1,tile crack_3,1,1,0,floating,,81,
602,Tynamo ,35,55,40,45,40,60,190,Electric,,EleFish,603,Level:39,tile crack_3,0.5,0.5,0,floating:1.5,,0.3,
603,Eelektrik ,65,85,70,75,70,40,60,Electric ,,EleFish,604,Stone:thunder,tile crack_3,1.4,1.1,0,floating:1.2,,22,
604,Eelektross ,85,115,80,105,80,50,30,Electric ,,EleFish,,Level:-1,tile crack_3,2,2,0,floating:1.3,,80.5,
605,Elgyem ,55,55,55,85,55,30,255,Psychic ,,Cerebral,606,Level:42,tile crack_3,1,1,0,floating,,9,
606,Beheeyem ,75,75,75,125,95,40,90,Psychic ,,Cerebral,,Level:-1,tile crack_3,1,1,0,floating,,34.5,
607,Litwick ,50,30,55,65,55,20,190,Ghost ,Fire,Candle,608,Level:41,tile crack_3,0.5,0.5,0,floating,,3.1,
608,Lampent ,60,40,60,95,60,55,90,Ghost ,Fire,Lamp,609,Stone:dusk,tile crack_3,0.7,0.7,0,floating,,13,
609,Chandelure ,60,55,90,145,90,80,45,Ghost ,Fire ,Luring,,Level:-1,tile crack_3,1,1,0,floating,,34.3,
610,Axew ,46,87,60,30,40,57,75,Dragon ,,Dragon,611,Level:38,tile crack_3,0.7,0.7,0,normal,,18,
611,Fraxure ,66,117,70,40,50,67,60,Dragon ,,Dragon,612,Level:48,tile crack_3,1,1,0,normal,,36,
612,Haxorus ,76,147,90,60,70,97,45,Dragon ,,Dragon,,Level:-1,tile crack_3,1,1.8,0,normal,,105.5,
613,Cubchoo ,55,70,40,60,40,40,120,Ice ,,Bear,614,Level:37,tile crack_3,1,1,0,normal,,8.5,
614,Beartic ,95,110,80,70,80,50,60,Ice ,,Bear,,Level:-1,tile crack_3,1,1,0,normal,,260,
615,Cryogonal ,70,50,30,95,135,105,25,Ice ,,Ice,,Level:-1,tile crack_3,1,1,0,normal,,148,
616,Shelmet ,50,40,85,40,65,25,200,Bug,,Gastropoda,617,Level:-1,tile crack_3,1,1,0,normal,,7.7,
617,Accelgor ,80,70,40,100,60,145,75,Bug ,,Gastropoda,,Level:-1,tile crack_3,1,1,0,floating,,25.3,
618,Stunfisk ,109,66,84,81,99,32,75,Ground ,Electric,Fish,,Level:-1,tile crack_3,1,1,0,water,,11,
619,Mienfoo ,45,85,50,55,50,65,180,Fighting,,Fighter,620,Level:50,tile crack_3,1,1,0,normal,,20,
620,Mienshao ,65,125,60,95,60,105,45,Fighting,,Fighter,,Level:-1,tile crack_3,1,1,0,normal,,35.5,
621,Druddigon ,77,120,90,60,90,48,45,Dragon ,,Dragon,,Level:-1,tile crack_3,1,1,0,normal,,139,
622,Golett ,59,74,50,35,50,35,190,Ground ,Ghost ,Automaton,623,Level:43,tile crack_3,1,1,0,normal,,92,
623,Golurk ,89,124,80,55,80,55,90,Ground ,Ghost ,Automaton,,Level:-1,tile crack_3,1,1,0,floating,,330,
624,Pawniard ,45,85,70,40,40,60,120,Dark ,Steel,SharpBlade,625,Level:52,tile crack_3,0.6,0.7,0,normal,,10.2,
625,Bisharp ,65,125,100,60,70,70,45,Dark ,Steel ,SharpSword,,Level:-1,tile crack_3,1.2,1.8,0,normal,,70,
626,Bouffalant ,95,110,95,40,95,55,45,Normal ,,Bash Buffalo,,Level:-1,tile crack_3,1,1,0,normal,,94.5,
627,Rufflet ,70,83,50,37,50,60,190,Normal ,Flying ,Bird,628,Level:54,tile crack_3,1,1,0,flying,,10.5,
628,Braviary ,100,123,75,57,75,80,60,Normal ,Flying ,Bird,,Level:-1,tile crack_3,1,1,0,flying,,41,
629,Vullaby ,70,55,75,45,65,60,190,Dark ,Flying ,Bird,630,Level:54,tile crack_3,1,1,0,flying,,9,
630,Mandibuzz ,110,65,105,55,95,80,60,Dark ,Flying,Bird,,Level:-1,tile crack_3,1,1,0,flying,,39.5,
631,Heatmor ,85,97,66,105,66,65,90,Fire ,,Anteater,,Level:-1,tile crack_3,1,1,0,normal,,58,
632,Durant ,58,109,112,48,48,109,90,Bug ,Steel ,Insecta,,Level:-1,tile crack_3,0.6,0.4,0,normal,,33,
633,Deino ,52,65,50,45,50,38,45,Dark ,Dragon ,Dragon,634,Level:50,tile crack_3,1,1,0,normal,,17.3,
634,Zweilous ,72,85,70,65,70,58,45,Dark ,Dragon,Dragon,635,Level:64,tile crack_3,1,1,0,normal,,50,
635,Hydreigon ,92,105,90,125,90,98,45,Dark ,Dragon ,Dragon,,Level:-1,tile crack_3,1,1,0,flying,,160,
636,Larvesta ,55,85,55,50,55,60,45,Bug ,Fire,Insecta,637,Level:59,tile crack_3,1.1,0.9,0,normal,,28.8,
637,Volcarona ,85,60,65,135,105,100,15,Bug ,Fire,Insecta,,Level:-1,tile crack_3,1.6,1.6,0,flying,,46,
638,Cobalion ,91,90,129,90,72,108,3,Steel ,Fighting ,IronWill,,Level:-1,tile crack_3,1,1,0,normal,,250,
639,Terrakion ,91,129,90,72,90,108,3,Rock ,Fighting,Cavern,,Level:-1,tile crack_3,1,1,0,normal,,260,
640,Virizion ,91,90,72,90,129,108,3,Grass ,Fighting,Grassland,,Level:-1,tile crack_3,1,1,0,normal,,200,
641,Tornadus Incarnate,79,115,70,125,80,111,3,Flying,,Cyclone,,Level:-1,tile crack_3,1,1,0,flying,,63,
641,Tornadus Therian,79,100,80,110,90,121,3,Flying,,,,Level:-1,tile crack_3,1,1,0,flying,,63,
642,Thundurus Incarnate,79,115,70,125,80,111,3,Electric ,Flying,BoltStrike,,Level:-1,tile crack_3,1,1,0,flying,,65,
642,Thundurus Therian,79,105,70,145,80,101,3,Electric ,Flying,,,Level:-1,tile crack_3,1,1,0,flying,,65,
643,Reshiram ,100,120,100,150,120,90,45,Dragon ,Fire,VastWhite,,Level:-1,tile crack_3,1,1,0,flying,,330,
644,Zekrom ,100,150,120,120,100,90,45,Dragon ,Electric,DeepBlack,,Level:-1,tile crack_3,1,1,0,flying,,345,
645,Landorus Incarnate,89,125,90,115,80,101,3,Ground ,Flying,Abundant,,Level:-1,tile crack_3,1,1,0,flying,,68,
645,Landorus Therian,89,145,90,105,80,91,3,Ground ,Flying,,,Level:-1,tile crack_3,1,1,0,flying,,68,
646,Kyurem,125,130,90,130,90,95,3,Dragon ,Ice ,Boundary,,Level:-1,tile crack_3,1,1,0,flying,,325,
646,Kyurem Black,125,170,100,120,90,95,3,Dragon ,Ice ,,,Level:-1,tile crack_3,1,1,0,flying,,325,
646,Kyurem White,125,120,90,170,100,95,3,Dragon ,Ice ,,,Level:-1,tile crack_3,1,1,0,flying,,325,
647,Keldeo ,91,72,90,129,90,108,3,Water ,Fighting ,Colt,,Level:-1,tile crack_3,1,1,0,normal,,48.5,
648,Meloetta Aria,100,77,77,128,128,90,3,Normal ,Psychic,Melody,,Level:-1,tile crack_3,1,1,0,normal,,6.5,
648,Meloetta Pirouette,100,128,90,77,77,128,3,Normal,Fighting,,,Level:-1,tile crack_3,1,1,0,normal,,6.5,
649,Genesect ,71,120,95,120,95,99,3,Bug ,Steel ,Insecta,,Level:-1,tile crack_3,1,1,0,flying,,82.5,
650,Chespin ,56,61,65,48,45,33,45,Grass ,,Plant,651,Level:16,tile crack_18,0.5,0.5,0,normal,,9,
651,Quilladin ,61,78,95,56,58,57,45,Grass,,Plant,652,Level:36,tile crack_18,0.7,0.7,0,normal,,29,
652,Chesnaught ,88,107,122,74,75,64,45,Grass ,Fighting ,Plant,,Level:-1,tile crack_3,1.2,1.8,0,normal,,90,
653,Fennekin ,40,45,40,62,60,60,45,Fire ,,Fox,654,Level:16,tile crack_55,0.5,0.6,0,normal,,9.4,
654,Braixen ,59,59,58,90,70,73,45,Fire ,,Fox,655,Level:36,tile crack_55,1,1.2,0,normal,,14.5,
655,Delphox ,75,69,72,114,100,104,45,Fire ,Psychic ,Fox,,Level:-1,tile crack_3,1.2,1.7,0,normal,,39,
656,Froakie ,41,56,40,62,44,71,45,Water ,,Frog,657,Level:16,tile crack_9,0.6,0.7,0,water,,7,
657,Frogadier ,54,63,52,83,56,97,45,Water ,,Frog,658,Level:36,tile crack_9,0.8,1,0,water,,10.9,
658,Greninja ,72,95,67,103,71,122,45,Water ,Dark ,Frog,,Level:-1,tile crack_3,1.3,1.7,0,water,,40,
659,Bunnelby ,38,36,38,32,36,57,255,Normal ,,Leporidae,660,Level:20,tile crack_3,1,1,0,normal,,5,
660,Diggersby ,85,56,77,50,77,78,255,Normal ,Ground ,Leporidae,,Level:-1,tile crack_3,1,1,0,normal,,42.4,
661,Fletchling ,45,50,43,40,38,62,255,Normal ,Flying ,Bird,662,Level:17,tile crack_3,1,1,0,flying,,1.7,
662,Fletchinder ,62,73,55,56,52,84,255,Fire ,Flying ,Bird,663,Level:35,tile crack_3,1,1,0,flying,,16,
663,Talonflame ,78,81,71,74,69,126,255,Fire ,Flying,Bird,,Level:-1,tile crack_3,1,1,0,flying,,24.5,
664,Scatterbug ,38,35,40,27,25,35,255,Bug,,Insecta,665,Level:9,tile crack_3,1,1,0,normal,,2.5,
665,Spewpa ,45,22,60,27,30,29,255,Bug,,Insecta,666,Level:12,tile crack_3,1,1,0,normal,,8.4,
666,Vivillon ,80,52,50,90,50,89,255,Bug ,Flying,Insecta,,Level:-1,tile crack_3,1,1,0,flying,,17,
667,Litleo ,62,50,58,73,54,72,200,Fire ,Normal ,Cat,668,Level:35,tile crack_3,1,1,0,normal,,13.5,
668,Pyroar ,86,68,72,109,66,106,200,Fire ,Normal ,Cat,,Level:-1,tile crack_3,1,1,0,normal,,81.5,
669,Flabb ,44,38,39,61,79,42,255,Fairy ,,Fairy Plant,670,Level:19,tile crack_3,1,1,0,floating,,0.1,
670,Floette ,54,45,47,75,98,52,255,Fairy ,,Fairy Plant,671,Stone:shiny,tile crack_3,1,1,0,floating,,0.9,
671,Florges ,78,65,68,112,154,75,255,Fairy ,,Fairy Plant,,Level:-1,tile crack_3,1,1,0,floating,,10,
672,Skiddo ,66,65,48,62,57,52,160,Grass,,Artiodactyla,673,Level:32,tile crack_3,1,1,0,normal,,31,
673,Gogoat ,123,100,62,97,81,68,160,Grass ,,Artiodactyla,,Level:-1,tile crack_3,1,1,0,normal,,91,
674,Pancham ,67,82,62,46,48,43,128,Fighting,,Playful,675,Level:-1,tile crack_3,1,1,0,normal,,8,
675,Pangoro ,95,124,78,69,71,58,128,Fighting ,Dark,Daunting,,Level:-1,tile crack_3,1,1,0,normal,,136,
676,Furfrou ,75,80,60,65,90,102,120,Normal ,,Dog,,Level:-1,tile crack_3,1,1,0,normal,,28,
677,Espurr ,62,48,54,63,60,68,228,Psychic ,,Restraint,678,Level:25,tile crack_3,1,1,0,normal,,3.5,
678,Meowstic ,74,48,76,83,81,104,228,Psychic,,Constraint,,Level:-1,tile crack_3,1,1,0,normal,,8.5,
679,Honedge ,45,80,100,35,37,28,222,Steel ,Ghost ,Sword,680,Level:35,tile crack_3,1,1,0,floating,,2,
680,Doublade ,59,110,150,45,49,35,222,Steel ,Ghost ,Sword,681,Stone:dusk,tile crack_3,1,1,0,floating,,4.5,
681,Aegislash Blade,60,150,50,150,50,60,222,Steel ,Ghost ,Sword,,Level:-1,tile crack_3,1,1,0,floating,,53,
681,Aegislash Shield,60,50,150,50,150,60,222,Steel ,Ghost ,,,Level:-1,tile crack_3,1,1,0,floating,,53,
682,Spritzee ,78,52,60,63,65,23,200,Fairy,,Perfume,683,Trade:sachet,tile crack_3,1,1,0,floating,,0.5,
683,Aromatisse ,101,72,72,99,89,29,200,Fairy ,,Fragrance,,Level:-1,tile crack_3,1,1,0,normal,,15.5,
684,Swirlix ,62,48,66,59,57,49,200,Fairy,,CottonCandy,685,Trade:whippeddream,tile crack_3,1,1,0,normal,,3.5,
685,Slurpuff ,82,80,86,85,75,72,200,Fairy,,Meringue,,Level:-1,tile crack_3,1,1,0,normal,,5,
686,Inkay ,53,54,37,46,45,45,120,Dark ,Psychic ,Cephalopoda,687,Level:30,tile crack_3,1,1,0,floating,,3.5,
687,Malamar ,86,92,88,68,75,73,120,Dark ,Psychic,Cephalopoda,,Level:-1,tile crack_3,1,1,0,floating,,47,
688,Binacle ,42,52,67,39,56,50,255,Rock ,Water ,Crustacea,689,Level:39,tile crack_3,1,1,0,water,,31,
689,Barbaracle ,72,105,115,54,86,68,255,Rock ,Water ,Crustacea,,Level:-1,tile crack_3,1,1,0,water,,96,
690,Skrelp ,50,60,60,60,60,30,225,Poison ,Water,Fish,691,Level:48,tile crack_3,1,1,0,water,,7.3,
691,Dragalge ,65,75,90,97,123,44,225,Poison ,Dragon ,Fish Dragon,,Level:-1,tile crack_3,1,1,0,water,,81.5,
692,Clauncher ,50,53,62,58,63,44,155,Water ,,Crustacea,693,Level:37,tile crack_3,1,1,0,water,,8.3,
693,Clawitzer ,71,73,88,120,89,59,155,Water ,,Crustacea,,Level:-1,tile crack_3,1,1,0,water,,35.3,
694,Helioptile ,44,38,33,61,43,70,90,Electric ,Normal ,Lizard,695,Stone:sun,tile crack_3,1,1,0,normal,,6,
695,Heliolisk ,62,55,52,109,94,109,90,Electric ,Normal ,Lizard,,Level:-1,tile crack_3,1,1,0,normal,,21,
696,Tyrunt ,58,89,77,45,45,48,45,Rock ,Dragon ,Dino,697,Level:39:day,tile crack_3,1,1,0,normal,,26,
697,Tyrantrum ,82,121,119,69,59,71,45,Rock ,Dragon,Dino,,Level:-1,tile crack_3,1,1,0,normal,,270,
698,Amaura ,77,59,50,67,63,46,45,Rock ,Ice ,Dino,699,Level:39:night,tile crack_3,1,1,0,normal,,25.2,
699,Aurorus ,123,77,72,99,92,58,45,Rock ,Ice ,Dino,,Level:-1,tile crack_3,1,1,0,normal,,225,
700,Sylveon ,95,65,65,110,130,60,45,Fairy ,,Fox,,Level:-1,tile crack_3,1,1,0,normal,,23.5,
701,Hawlucha ,78,92,75,74,63,118,128,Fighting ,Flying ,Bird Fighter,,Level:-1,tile crack_3,1,1,0,flying,,21.5,
702,Dedenne ,67,58,57,81,67,101,200,Electric ,Fairy ,Rodent,,Level:-1,tile crack_3,1,1,0,normal,,2.2,
703,Carbink ,50,50,150,50,150,50,30,Rock ,Fairy ,Jewel,,Level:-1,tile crack_3,0.3,0.3,0,floating,,5.7,
704,Goomy ,45,50,35,55,75,40,20,Dragon ,,Amorphous,705,Level:40,tile crack_3,0.5,0.5,0,normal,,2.8,
705,Sliggoo ,68,75,53,83,113,60,20,Dragon,,Amorphous Dragon,706,Level:50:rain,tile crack_3,0.6:0.8,0.8,0,normal,,17.5,
706,Goodra ,90,100,70,110,150,80,20,Dragon ,,Dragon,,Level:-1,tile crack_3,1.0:1.5,2,0,normal,,150.5,
707,Klefki ,57,80,91,80,87,75,60,Steel ,Fairy ,KeyRing,,Level:-1,tile crack_3,0.2,0.2,0,floating,,3,
708,Phantump ,43,70,48,50,60,38,150,Ghost ,Grass,Plant,709,Trade:,tile crack_3,0.5,0.5,0,floating,,7,
709,Trevenant ,85,110,76,65,82,56,150,Ghost ,Grass,Plant,,Level:-1,tile crack_3,1,1.5,0,normal,,71,
710,Pumpkaboo Average,49,66,70,44,55,51,190,Ghost ,Grass,Plant,712,Trade:,tile crack_3,1,1,0,normal,,5,
710,Pumpkaboo Large,54,66,70,44,55,46,190,Ghost ,Grass,,,Level:-1,tile crack_3,1,1,0,normal,,7.5,
710,Pumpkaboo Small,44,66,70,44,55,56,190,Ghost ,Grass,,,Level:-1,tile crack_3,1,1,0,normal,,3.5,
710,Pumpkaboo Super,59,66,70,44,55,41,190,Ghost ,Grass,,,Level:-1,tile crack_3,1,1,0,normal,,15,
711,Gourgeist Average,65,90,122,58,75,84,190,Ghost ,Grass,Plant,,Level:-1,tile crack_3,1,1,0,normal,,12.5,
711,Gourgeist Large,75,95,122,58,75,69,190,Ghost ,Grass,,,Level:-1,tile crack_3,1,1,0,normal,,14,
711,Gourgeist Small,55,85,122,58,75,99,190,Ghost ,Grass ,,,Level:-1,tile crack_3,1,1,0,normal,,9.5,
711,Gourgeist Super,85,100,122,58,75,54,190,Ghost ,Grass,,,Level:-1,tile crack_3,1,1,0,normal,,39,
712,Bergmite ,55,69,85,32,35,28,255,Ice ,,Ice,713,Level:37,tile crack_3,1,1,0,normal,,99.5,
713,Avalugg ,95,117,184,44,46,28,255,Ice ,,Ice,,Level:-1,tile crack_3,2,2,0,normal,0.8,505,
714,Noibat ,40,30,35,45,40,55,200,Flying ,Dragon,Bat,715,Level:48,tile crack_3,1,1,0,flying,,8,
715,Noivern ,85,70,80,97,80,123,200,Flying ,Dragon,Bat,,Level:-1,tile crack_3,1,1,0,flying,,85,
716,Xerneas ,126,131,95,131,98,99,70,Fairy ,,Life,,Level:-1,tile crack_3,1.0:3.0,3,0,normal,,215,
717,Yveltal ,126,131,95,131,98,99,70,Dark ,Flying ,Destruction,,Level:-1,tile crack_3,5.0:3.0,5,0,flying,,203,
718,Zygarde ,108,100,121,81,95,95,3,Dragon ,Ground ,Order ,,Level:-1,tile crack_3,1,1,0,normal,,305,
201,Unown_A,,,,,,,,,,,,,,,,,,,,
201,Unown_B,,,,,,,,,,,,,,,,,,,,
201,Unown_C,,,,,,,,,,,,,,,,,,,,
201,Unown_D,,,,,,,,,,,,,,,,,,,,
201,Unown_E,,,,,,,,,,,,,,,,,,,,
201,Unown_F,,,,,,,,,,,,,,,,,,,,
201,Unown_G,,,,,,,,,,,,,,,,,,,,
201,Unown_H,,,,,,,,,,,,,,,,,,,,
201,Unown_I,,,,,,,,,,,,,,,,,,,,
201,Unown_J,,,,,,,,,,,,,,,,,,,,
201,Unown_K,,,,,,,,,,,,,,,,,,,,
201,Unown_L,,,,,,,,,,,,,,,,,,,,
201,Unown_M,,,,,,,,,,,,,,,,,,,,
201,Unown_N,,,,,,,,,,,,,,,,,,,,
201,Unown_O,,,,,,,,,,,,,,,,,,,,
201,Unown_P,,,,,,,,,,,,,,,,,,,,
201,Unown_Q,,,,,,,,,,,,,,,,,,,,
201,Unown_Qu,,,,,,,,,,,,,,,,,,,,
201,Unown_R,,,,,,,,,,,,,,,,,,,,
201,Unown_S,,,,,,,,,,,,,,,,,,,,
201,Unown_T,,,,,,,,,,,,,,,,,,,,
201,Unown_U,,,,,,,,,,,,,,,,,,,,
201,Unown_V,,,,,,,,,,,,,,,,,,,,
201,Unown_W,,,,,,,,,,,,,,,,,,,,
201,Unown_X,,,,,,,,,,,,,,,,,,,,
201,Unown_Y,,,,,,,,,,,,,,,,,,,,
201,Unown_Z,,,,,,,,,,,,,,,,,,,,
201,Unown_Ex,,,,,,,,,,,,,,,,,,,,
