Number,Name,Exp Yield,HP EV,Atk EV,Def EV,SpAtk EV,SpDef EV,Spd EV,Experience Mode,Gender Ratio,Base FriendShip,Common Drop,Rare Drop,Food Drop,Held Item,Particle Effects,Hated Material Rules,Logic: Shoulder:Fly:Dive:Dye#defaultcolour:Stationary,Shadow Replacements,Food Material,Active Times,Interaction Logic
1,Bulbasaur ,64,0,0,0,1,0,0,Medium Slow,31,70,1:wheat_seeds,,,0,,,FALSE,,light,,
2,Ivysaur ,142,0,0,0,1,1,0,Medium Slow,31,70,2:wheat_seeds,,,0,,,FALSE,,light,,
3,Venusaur ,236,0,0,0,2,1,0,Medium Slow,31,70,3:wheat_seeds,,,0,,,FALSE,,light,,
4,Charmander ,62,0,0,0,0,0,1,Medium Slow,31,70,1:coal,,,0,,water,FALSE,,,,
5,Charmeleon ,142,0,0,0,1,0,1,Medium Slow,31,70,2:coal,,,0,,water,FALSE,,,,
6,Charizard ,240,0,0,0,3,0,0,Medium Slow,31,70,3:coal,,,0,,water,FALSE,,,,
7,Squirtle ,63,0,0,1,0,0,0,Medium Slow,31,70,1:bowl,,,0,,,FALSE,,,,bucket`water_bucket
8,Wartortle ,142,0,0,1,0,1,0,Medium Slow,31,70,1:bowl,,,0,,,FALSE,,,,bucket`water_bucket
9,Blastoise ,239,0,0,0,0,3,0,Medium Slow,31,70,1:bowl,,,0,,,FALSE::TRUE,,,,bucket`water_bucket
10,Caterpie ,39,1,0,0,0,0,0,Medium Fast,127,70,1:string,,,0,,,TRUE,,,,
11,Metapod ,72,0,0,2,0,0,0,Medium Fast,127,70,2:string,,,0,,,FALSE,,,,
12,Butterfree ,173,0,0,0,2,1,0,Medium Fast,127,70,2:spider_eye,,,0,,,FALSE,,,day,
13,Weedle ,39,0,0,0,0,0,1,Medium Fast,127,70,1:string,,,0,,,TRUE,,,,
14,Kakuna ,72,0,0,2,0,0,0,Medium Fast,127,70,2:string,,,0,,,FALSE,,,,
15,Beedrill ,173,0,2,0,0,1,0,Medium Fast,127,70,2:spider_eye,,,0,,,FALSE,,,day,
16,Pidgey ,50,0,0,0,0,0,1,Medium Slow,127,70,1:feather 2:bone:0:10,,1:chicken,0,,,FALSE,,,day,
17,Pidgeotto ,122,0,0,0,0,0,2,Medium Slow,127,70,2:feather 2:bone:0:10,,1:chicken,0,,,FALSE,,,day,
18,Pidgeot ,211,0,0,0,0,0,3,Medium Slow,127,70,3:feather 2:bone:0:10,,1:chicken,0,,,FALSE,,,day,
19,Rattata ,51,0,0,0,0,0,1,Medium Fast,127,70,1:rotten_flesh 1:rabbit_hide 2:bone:0:10,,,0,,,TRUE,,grass,dusk dawn,
20,Raticate ,145,0,0,0,0,0,2,Medium Fast,127,70,2:rotten_flesh 1:rabbit_hide 2:bone:0:10,,,0,,,FALSE,,grass,dusk dawn,
21,Spearow ,52,0,0,0,0,0,1,Medium Fast,127,70,1:feather 2:bone:0:10,,1:chicken,0,,,TRUE,,,,
22,Fearow ,155,0,0,0,0,0,2,Medium Fast,127,70,2:feather 2:bone:0:10,,1:chicken,0,,,FALSE,,,,
23,Ekans ,58,0,1,0,0,0,0,Medium Fast,127,70,1:leather,,,0,,,FALSE,,,,
24,Arbok ,153,0,2,0,0,0,0,Medium Fast,127,70,1:leather,,,0,,,FALSE,,,,
25,Pikachu ,105,0,0,0,0,0,2,Medium Fast,127,70,2:redstone 1:rabbit_hide,,1:rabbit,0,,,TRUE,,,,
26,Raichu ,214,0,0,0,0,0,3,Medium Fast,127,70,3:redstone 1:rabbit_hide,,1:rabbit,0,,,FALSE,,,,
27,Sandshrew ,60,0,0,1,0,0,0,Medium Fast,127,70,1:rabbit_hide,,1:rabbit,0,,,FALSE,,,,
28,Sandslash ,158,0,0,2,0,0,0,Medium Fast,127,70,1:rabbit_hide,,1:rabbit,0,,,FALSE,,,,
29,NidoranF,55,1,0,0,0,0,0,Medium Slow,254,70,1:rabbit_hide,1:rabbit_foot,1:rabbit,1:moonstone:0:10,,,FALSE,,grass,,
30,Nidorina ,128,2,0,0,0,0,0,Medium Slow,254,70,1:rabbit_hide,1:rabbit_foot,1:rabbit,0,,,FALSE,,grass,,
31,Nidoqueen ,223,3,0,0,0,0,0,Medium Slow,254,70, 2:bone:0:10,,1:rabbit,0,,,FALSE,,grass,,
32,NidoranM,55,0,1,0,0,0,0,Medium Slow,0,70,1:rabbit_hide,1:rabbit_foot,1:rabbit,1:moonstone:0:10,,,FALSE,,grass,,
33,Nidorino ,128,0,2,0,0,0,0,Medium Slow,0,70,1:rabbit_hide,1:rabbit_foot,1:rabbit,0,,,FALSE,,grass,,
34,Nidoking ,223,0,3,0,0,0,0,Medium Slow,0,70, 2:bone:0:10,,1:rabbit,0,,,FALSE,,grass,,
35,Clefairy ,113,2,0,0,0,0,0,Fast,191,140,,1:moonstone,,1:moonstone:0:10,,,FALSE,,,night,
36,Clefable ,213,3,0,0,0,0,0,Fast,191,140,,1:moonstone,,0,,,FALSE,,,night,
37,Vulpix ,60,0,0,0,0,0,1,Medium Fast,191,70,1:rabbit_hide,1:blaze_powder,,0,,,FALSE,,,,
38,Ninetales ,177,0,0,0,0,1,1,Medium Fast,191,70,1:rabbit_hide,1:blaze_powder,,0,,,FALSE,,,,
39,Jigglypuff ,95,2,0,0,0,0,0,Fast,191,70,,1:moonstone,,0,,,FALSE,,,,
40,Wigglytuff ,191,3,0,0,0,0,0,Fast,191,70,,1:moonstone,,0,,,FALSE,,,,
41,Zubat ,49,0,0,0,0,0,1,Medium Fast,127,70,1:spider_eye,,,0,,light:0.5:despawn,TRUE,,,night,
42,Golbat ,159,0,0,0,0,0,2,Medium Fast,127,70,2:spider_eye,,,0,,light:0.5:despawn,FALSE,,,night,
43,Oddish ,64,0,0,0,1,0,0,Medium Slow,127,70,1:wheat_seeds,,,0,,,FALSE,,light,,
44,Gloom ,138,0,0,0,2,0,0,Medium Slow,127,70,2:wheat_seeds,,,0,,,FALSE,,light,,
45,Vileplume ,216,0,0,0,3,0,0,Medium Slow,127,70,3:wheat_seeds,,,0,,,FALSE,,light,,
46,Paras ,57,0,1,0,0,0,0,Medium Fast,127,70,2:brown_mushroom 2:red_mushroom,,,0,,,FALSE,,,,shears`brown_mushroom`red_mushroom
47,Parasect ,142,0,2,1,0,0,0,Medium Fast,127,70,3:brown_mushroom 3:red_mushroom,,,0,,,FALSE,,,,bowl`mushroom_stew
48,Venonat ,61,0,0,0,0,1,0,Medium Fast,127,70,1:spider_eye,,,0,,,FALSE,,,,
49,Venomoth ,158,0,0,0,1,0,1,Medium Fast,127,70,2:spider_eye,,,0,,,FALSE,,,,
50,Diglett ,53,0,0,0,0,0,1,Medium Fast,127,70,1:dirt,,,0,,water,FALSE,silverfish,rock,,
51,Dugtrio ,142,0,0,0,0,0,2,Medium Fast,127,70,2:dirt,,,0,,water,FALSE,,rock,,
52,Meowth ,58,0,0,0,0,0,1,Medium Fast,127,70,1:gold_nugget 2:bone:0:10,1:emerald,1:rabbit,1:emerald:0:33,,,FALSE,,,,
53,Persian ,154,0,0,0,0,0,2,Medium Fast,127,70,3:gold_nugget 2:bone:0:10,3:emerald,1:rabbit,0,,,FALSE,,,,
54,Psyduck ,64,0,0,0,1,0,0,Medium Fast,127,70,,,1:chicken,0,,,FALSE,,,,
55,Golduck ,175,0,0,0,2,0,0,Medium Fast,127,70,,,1:chicken,0,,,FALSE,,,,
56,Mankey ,61,0,1,0,0,0,0,Medium Fast,127,70,1:rabbit_hide,,1:porkchop,0,,,FALSE,,,,
57,Primeape ,159,0,2,0,0,0,0,Medium Fast,127,70,1:rabbit_hide,,1:porkchop,0,,,FALSE,,,,
58,Growlithe ,70,0,1,0,0,0,0,Slow,63,70,1:rabbit_hide,,1:rabbit,0,,,FALSE,,,,
59,Arcanine ,194,0,2,0,0,0,0,Slow,63,70,1:rabbit_hide,,1:rabbit,0,,,FALSE,,,,
60,Poliwag ,60,0,0,0,0,0,1,Medium Slow,127,70,1:slime_ball,,,0,,,FALSE,,,,
61,Poliwhirl ,135,0,0,0,0,0,2,Medium Slow,127,70,2:slime_ball,,,0,,,FALSE,,,,
62,Poliwrath ,225,0,0,3,0,0,0,Medium Slow,127,70,2:slime_ball,,,0,,,FALSE,,,,
63,Abra ,62,0,0,0,1,0,0,Medium Slow,63,70,1:ender_pearl,,,0,,,FALSE,,,,
64,Kadabra ,140,0,0,0,2,0,0,Medium Slow,63,70,2:ender_pearl,,,0,,,FALSE,,,,
65,Alakazam ,221,0,0,0,3,0,0,Medium Slow,63,70,3:ender_pearl,,,0,,,FALSE,,,,
66,Machop ,61,0,1,0,0,0,0,Medium Slow,63,70,,,,0,,,FALSE,zombie:zombiepigman,,,
67,Machoke ,142,0,2,0,0,0,0,Medium Slow,63,70,,,,0,,,FALSE,,,,
68,Machamp ,227,0,3,0,0,0,0,Medium Slow,63,70,,,,0,,,FALSE,,,,
69,Bellsprout ,60,0,1,0,0,0,0,Medium Slow,127,70,1:wheat_seeds,,,0,,,FALSE,light,light,,
70,Weepinbell ,137,0,2,0,0,0,0,Medium Slow,127,70,2:wheat_seeds,,,0,,,FALSE,light,light,,
71,Victreebel ,216,0,3,0,0,0,0,Medium Slow,127,70,3:wheat_seeds,,,0,,,FALSE,light,light,,
72,Tentacool ,67,0,0,0,0,1,0,Slow,127,70,1:dye:0,,,0,,,FALSE,,water,,wheat`dye#0
73,Tentacruel ,180,0,0,0,0,2,0,Slow,127,70,2:dye:0,,,0,,,FALSE::TRUE,,water,,wheat`dye#0
74,Geodude ,60,0,0,1,0,0,0,Medium Slow,127,70,1:cobblestone,,,0,,water,FALSE,silverfish,rock,,
75,Graveler ,137,0,0,2,0,0,0,Medium Slow,127,70,2:stone,,,0,,water,FALSE,,rock,,
76,Golem ,218,0,0,3,0,0,0,Medium Slow,127,70,3:stone,,,0,,water,FALSE,,rock,,
77,Ponyta ,82,0,0,0,0,0,1,Medium Fast,127,70,1:coal 1:leather 2:bone:0:10,,1:beef,0,,,FALSE,,grass,,
78,Rapidash ,175,0,0,0,0,0,2,Medium Fast,127,70,2:coal 2:leather 2:bone:0:10,,2:beef,0,,,FALSE,,grass,,
79,Slowpoke ,63,1,0,0,0,0,0,Medium Fast,127,70, 2:bone:0:10,,1:porkchop,1:kingsrock:0:10,,,FALSE,,,,
80,Slowbro ,172,0,0,2,0,0,0,Medium Fast,127,70, 2:bone:0:10,,2:porkchop,0,,,FALSE,,,,
81,Magnemite ,65,0,0,0,1,0,0,Medium Fast,255,70,1:iron_ingot,10:redstone,,0,,,FALSE,,electricity,,
82,Magneton ,163,0,0,0,2,0,0,Medium Fast,255,70,2:iron_ingot,20:redstone,,0,,,FALSE,,electricity,,
83,Farfetch'd ,123,0,1,0,0,0,0,Medium Fast,127,70,1:feather,,1:chicken,0,,,FALSE,,,,
84,Doduo ,62,0,1,0,0,0,0,Medium Fast,127,70,1:feather 2:bone:0:10,,1:chicken,0,,,FALSE:FALSE,,grass,,
85,Dodrio ,161,0,2,0,0,0,0,Medium Fast,127,70,2:feather 2:bone:0:10,,1:chicken,0,,,FALSE:FALSE,,grass,,
86,Seel ,65,0,0,0,0,1,0,Medium Fast,127,70,,,1:fish,0,,,FALSE,,,,
87,Dewgong ,166,0,0,0,0,2,0,Medium Fast,127,70,,,1:fish,0,,,FALSE,,,,
88,Grimer ,65,1,0,0,0,0,0,Medium Fast,127,70,1:slime_ball,,,0,,,FALSE,zombie:slime,,,
89,Muk ,175,1,1,0,0,0,0,Medium Fast,127,70,2:slime_ball,,,0,,,FALSE,,,,
90,Shellder ,61,0,0,1,0,0,0,Slow,127,70,,1:ender_pearl,,0,,,FALSE,,water,,
91,Cloyster ,184,0,0,2,0,0,0,Slow,127,70,,1:ender_pearl,,0,,,FALSE::::TRUE,,water,,
92,Gastly ,62,0,0,0,1,0,0,Medium Slow,127,70,1:ender_pearl,1:ghast_tear,,0,smoke:80,light:0.5:despawn,FALSE,ghast,,,
93,Haunter ,142,0,0,0,2,0,0,Medium Slow,127,70,2:ender_pearl,,,0,,light:0.5:despawn,FALSE,,,,
94,Gengar ,225,0,0,0,3,0,0,Medium Slow,127,70,3:ender_pearl,,,0,,light:0.5:despawn,FALSE,,,,
95,Onix ,77,0,0,1,0,0,0,Medium Fast,127,70,1:stone,,,0,,,FALSE,,rock,,
96,Drowzee ,66,0,0,0,0,1,0,Medium Fast,127,70,,1:ender_pearl,,0,,,FALSE,,,,
97,Hypno ,169,0,0,0,0,2,0,Medium Fast,127,70,,1:ender_pearl,,0,,,FALSE,,,,
98,Krabby ,65,0,1,0,0,0,0,Medium Fast,127,70,,,1:fish,0,,,FALSE,,water,,
99,Kingler ,166,0,2,0,0,0,0,Medium Fast,127,70,,,1:fish,0,,,FALSE,,water,,
100,Voltorb ,66,0,0,0,0,0,1,Medium Fast,255,70,1:redstone,10:gunpowder,,0,,,FALSE,creeper,electricity,,
101,Electrode ,168,0,0,0,0,0,2,Medium Fast,255,70,2:redstone,20:gunpowder,,0,,,FALSE,,electricity,,
102,Exeggcute ,65,0,0,1,0,0,0,Slow,127,70,1:wheat_seeds,,1:wheat_seeds,0,,,FALSE,,light,,
103,Exeggutor ,182,0,0,0,2,0,0,Slow,127,70,1:wheat_seeds,,1:wheat_seeds,0,,,FALSE,,light,,
104,Cubone ,64,0,0,1,0,0,0,Medium Fast,127,70,1:bone,1:skull:1:20,,0,,,FALSE,skeleton,,,
105,Marowak ,149,0,0,2,0,0,0,Medium Fast,127,70,2:bone,2:skull:1:20,,0,,,FALSE,,,,
106,Hitmonlee ,159,0,2,0,0,0,0,Medium Fast,0,70,,,,0,,,FALSE,,,,
107,Hitmonchan ,159,0,0,0,0,2,0,Medium Fast,0,70,,,,0,,,FALSE,,,,
108,Lickitung ,77,2,0,0,0,0,0,Medium Fast,127,70,,,,0,,,FALSE,,,,
109,Koffing ,68,0,0,1,0,0,0,Medium Fast,127,70,1:gunpowder,,,0,largesmoke:80,,FALSE,blaze,,,
110,Weezing ,172,0,0,2,0,0,0,Medium Fast,127,70,2:gunpowder,,,0,largesmoke:75,,FALSE,,,,
111,Rhyhorn ,69,0,0,1,0,0,0,Slow,127,70,1:stone,,,0,,,FALSE,,grass,,
112,Rhydon ,170,0,2,0,0,0,0,Slow,127,70,2:stone,,,0,,,FALSE,,grass,,
113,Chansey ,395,2,0,0,0,0,0,Fast,254,140,,,,1:ovalstone:0:50 1:luckyegg:0:5,,,FALSE,,,,
114,Tangela ,87,0,0,1,0,0,0,Medium Fast,127,70,1:vine,,,0,,,FALSE,,light,,
115,Kangaskhan ,172,2,0,0,0,0,0,Medium Fast,254,70,,,,0,,,FALSE,,,,
116,Horsea ,59,0,0,0,1,0,0,Medium Fast,127,70,1:dye:0,,1:fish,0,,,FALSE,,water,,
117,Seadra ,154,0,0,1,1,0,0,Medium Fast,127,70,2:dye:0,,2:fish,0,,,FALSE,,water,,
118,Goldeen ,64,0,1,0,0,0,0,Medium Fast,127,70,,,1:fish,0,,,FALSE,,water,,
119,Seaking ,158,0,2,0,0,0,0,Medium Fast,127,70,,,2:fish,0,,,FALSE,,water,,
120,Staryu ,68,0,0,0,0,0,1,Slow,255,70,,,1:fish,0,,,FALSE,,water,,
121,Starmie ,182,0,0,0,0,0,2,Slow,255,70,,,2:fish,0,,,FALSE::TRUE,,water,,
122,Mr. Mime ,161,0,0,0,0,2,0,Medium Fast,127,70,,,,0,,,FALSE,,,,
123,Scyther ,100,0,1,0,0,0,0,Medium Fast,127,70,,,,0,,,FALSE,,,,
124,Jynx ,159,0,0,0,2,0,0,Medium Fast,254,70,,,,0,,,FALSE,,,,
125,Electabuzz ,172,0,0,0,0,0,2,Medium Fast,63,70,1:redstone,3:redstone,,0,,,FALSE,,,,
126,Magmar ,173,0,0,0,2,0,0,Medium Fast,63,70,1:blaze_rod,5:blaze_powder 2:blaze_rod,,0,,water,FALSE,blaze,,,
127,Pinsir ,175,0,2,0,0,0,0,Slow,127,70,,,,0,,,FALSE,,,,
128,Tauros ,172,0,1,0,0,0,1,Slow,0,70,1:leather,,1:beef,0,,,FALSE,,grass,,
129,Magikarp ,40,0,0,0,0,0,1,Slow,127,70,,,1:fish,0,,,FALSE,,water,,
130,Gyarados ,189,0,2,0,0,0,0,Slow,127,70,,,2:fish,0,,,FALSE:FALSE:TRUE,,water,,
131,Lapras ,187,2,0,0,0,0,0,Slow,127,70,,,2:fish,0,,,FALSE::TRUE,,water,,
132,Ditto ,101,1,0,0,0,0,0,Medium Fast,255,70,1:slime_ball,,,0,,,FALSE,,,,
133,Eevee ,65,0,0,0,0,1,0,Medium Fast,31,70,2:rabbit_hide,2:rabbit_foot,1:rabbit,0,,,TRUE,,,,
134,Vaporeon ,184,2,0,0,0,0,0,Medium Fast,31,70,1:fish,,,0,,,FALSE,,,,
135,Jolteon ,184,0,0,0,0,0,2,Medium Fast,31,70,1:glowstone,,,0,,,FALSE,,,,
136,Flareon ,184,0,2,0,0,0,0,Medium Fast,31,70,1:coal,,,0,,,FALSE,,,,
137,Porygon ,79,0,0,0,1,0,0,Medium Fast,255,70,,2:ender_pearl,,0,,,FALSE,,,,
138,Omanyte ,71,0,0,1,0,0,0,Medium Fast,31,70,1:bone,,,0,,,FALSE,,water,,
139,Omastar ,173,0,0,2,0,0,0,Medium Fast,31,70,1:bone,,,0,,,FALSE,,water,,
140,Kabuto ,71,0,0,1,0,0,0,Medium Fast,31,70,1:bone,,,0,,,FALSE,,water,,
141,Kabutops ,173,0,2,0,0,0,0,Medium Fast,31,70,1:bone,,,0,,,FALSE,,water,,
142,Aerodactyl ,180,0,0,0,0,0,2,Slow,31,70,1:bone,,1:feather,0,,,FALSE,,,,
143,Snorlax ,189,2,0,0,0,0,0,Slow,31,70,,,,0,,,FALSE,,,,
144,Articuno ,261,0,0,0,0,3,0,Slow,255,35,1:nether_star,,,0,,,FALSE,,,,
145,Zapdos ,261,0,0,0,3,0,0,Slow,255,35,1:nether_star,,,0,,,FALSE,,,,
146,Moltres ,261,0,0,0,3,0,0,Slow,255,35,1:nether_star,,,0,,water,FALSE,,,,
147,Dratini ,60,0,1,0,0,0,0,Slow,127,35,,,1:fish,0,,,FALSE,,,,
148,Dragonair ,147,0,2,0,0,0,0,Slow,127,35,,,2:fish,0,,,FALSE,,,,
149,Dragonite ,270,0,3,0,0,0,0,Slow,127,35,,,3:fish,0,,,FALSE,,,,
150,Mewtwo ,306,0,0,0,3,0,0,Slow,255,0,,,,0,,,FALSE,,,,
151,Mew ,270,3,0,0,0,0,0,Medium Slow,255,100,1:mewHair,,,0,,,TRUE,,,,
152,Chikorita ,64,0,0,0,0,1,0,Medium Slow,31,70,1:wheat_seeds,,,0,,,FALSE,,light,,
153,Bayleef ,142,0,0,1,0,1,0,Medium Slow,31,70,2:wheat_seeds,,,0,,,FALSE,,light,,
154,Meganium ,236,0,0,1,0,2,0,Medium Slow,31,70,3:wheat_seeds,,,0,,,FALSE,,light,,
155,Cyndaquil ,62,0,0,0,0,0,1,Medium Slow,31,70,1:coal,,,0,,,FALSE,,,,
156,Quilava ,142,0,0,0,1,0,1,Medium Slow,31,70,2:coal,,,0,,,FALSE,,,,
157,Typhlosion ,240,0,0,0,3,0,0,Medium Slow,31,70,3:coal,,,0,,,FALSE,,,,
158,Totodile ,63,0,1,0,0,0,0,Medium Slow,31,70,,,1:fish,0,,,FALSE,,,,
159,Croconaw ,142,0,1,1,0,0,0,Medium Slow,31,70,,,2:fish,0,,,FALSE,,,,
160,Feraligatr ,239,0,2,1,0,0,0,Medium Slow,31,70,,,3:fish,0,,,FALSE::TRUE,,,,
161,Sentret ,43,0,1,0,0,0,0,Medium Fast,127,70,1:rotten_flesh,,,1:oranberry:10,,,TRUE,,,,
162,Furret ,145,0,0,0,0,0,2,Medium Fast,127,70,2:rotten_flesh,,,0,,,FALSE,,,,
163,Hoothoot ,52,1,0,0,0,0,0,Medium Fast,127,70,,,1:chicken,0,,,TRUE,,,,
164,Noctowl ,155,2,0,0,0,0,0,Medium Fast,127,70,,,1:chicken,0,,,FALSE,,,,
165,Ledyba ,53,0,0,0,0,1,0,Fast,127,70,,,,0,,,FALSE,,,,
166,Ledian ,137,0,0,0,0,2,0,Fast,127,70,,,,0,,,FALSE,,,,
167,Spinarak ,50,0,1,0,0,0,0,Fast,127,70,1:string,,,0,,,TRUE,spider,,,
168,Ariados ,137,0,2,0,0,0,0,Fast,127,70,2:string,,,0,,,FALSE,,,,
169,Crobat ,241,0,0,0,0,0,3,Medium Fast,127,70,3:spider_eye,,,0,,,FALSE,,,,
170,Chinchou ,66,1,0,0,0,0,0,Slow,127,70,1:redstone,,1:fish,0,,,FALSE,,water,,
171,Lanturn ,161,2,0,0,0,0,0,Slow,127,70,1:redstone,,1:fish,0,,,FALSE,,water,,
172,Pichu ,41,0,0,0,0,0,1,Medium Fast,127,70,,,,0,,,TRUE,,,,
173,Cleffa ,44,0,0,0,0,1,0,Fast,191,140,,1:moonstone,,0,,,TRUE,,,,
174,Igglybuff ,42,1,0,0,0,0,0,Fast,191,70,,1:moonstone,,0,,,TRUE,,,,
175,Togepi ,49,0,0,0,0,1,0,Fast,31,70,,,,0,,,FALSE,,,,
176,Togetic ,142,0,0,0,0,2,0,Fast,31,70,,,,0,,,FALSE,,,,
177,Natu ,64,0,0,0,1,0,0,Medium Fast,127,70,,,,0,,,TRUE,,,,
178,Xatu ,165,0,0,0,1,0,1,Medium Fast,127,70,,,,0,,,FALSE,,,,
179,Mareep ,56,0,0,0,1,0,0,Medium Slow,127,70,1:wool,,1:mutton,0,,,FALSE:::TRUE#11,,grass,,shears`wool
180,Flaaffy ,128,0,0,0,2,0,0,Medium Slow,127,70,1:wool,,2:mutton,0,,,FALSE:::TRUE#15,,grass,,
181,Ampharos ,225,0,0,0,3,0,0,Medium Slow,127,70,,,3:mutton,0,,,FALSE,,grass,,
182,Bellossom ,216,0,0,0,0,3,0,Medium Slow,127,70,,,,0,,,FALSE,,light,,
183,Marill ,88,2,0,0,0,0,0,Fast,127,70,,,,0,,,TRUE,,,,
184,Azumarill ,185,3,0,0,0,0,0,Fast,127,70,,,,0,,,FALSE,,,,
185,Sudowoodo ,144,0,0,2,0,0,0,Medium Fast,127,70,,,,0,,,FALSE,,,,
186,Politoed ,225,0,0,0,0,3,0,Medium Slow,127,70,,,,0,,,FALSE,,,,
187,Hoppip ,50,0,0,0,0,1,0,Medium Slow,127,70,,,,0,,,TRUE,,light,,
188,Skiploom ,119,0,0,0,0,0,2,Medium Slow,127,70,,,,0,,,FALSE,,light,,
189,Jumpluff ,203,0,0,0,0,0,3,Medium Slow,127,70,1:wool,,,0,,,FALSE,,light,,
190,Aipom ,72,0,0,0,0,0,1,Fast,127,70,,,1:rabbit,0,,,TRUE,,,,
191,Sunkern ,36,0,0,0,1,0,0,Medium Slow,127,70,2:wheat_seeds,2:leaves,,0,,,FALSE,,light,,
192,Sunflora ,149,0,0,0,2,0,0,Medium Slow,127,70,,,,0,,,FALSE,,light,,
193,Yanma ,78,0,0,0,0,0,1,Medium Fast,127,70,,,,0,,,FALSE,,,,
194,Wooper ,42,1,0,0,0,0,0,Medium Fast,127,70,1:slime_ball,,,0,,,FALSE,,,,
195,Quagsire ,151,2,0,0,0,0,0,Medium Fast,127,70,2:slime_ball,,,0,,,FALSE,,,,
196,Espeon ,184,0,0,0,2,0,0,Medium Fast,31,70,,,2:rabbit,0,,,FALSE,,,,
197,Umbreon ,184,0,0,0,0,2,0,Medium Fast,31,35,,,2:rabbit,0,,,FALSE,,,,
198,Murkrow ,81,0,0,0,0,0,1,Medium Slow,127,35,,,1:chicken,0,,,TRUE,,,,
199,Slowking ,172,0,0,0,0,3,0,Medium Fast,127,70,,,1:porkchop,0,,,FALSE,,,,
200,Misdreavus ,87,0,0,0,0,1,0,Fast,127,35,,,,0,,,FALSE,witch,,,
201,Unown ,118,0,1,0,1,0,0,Medium Fast,255,70,,,,0,,,FALSE,,,,
202,Wobbuffet ,142,2,0,0,0,0,0,Medium Fast,127,70,,,,0,,,FALSE,,,,
203,Girafarig ,159,0,0,0,2,0,0,Medium Fast,127,70,1:ender_pearl,,1:beef,0,,,FALSE,,,,
204,Pineco ,58,0,0,1,0,0,0,Medium Fast,127,70,2:gunpowder,,,0,,,FALSE,,light,,
205,Forretress ,163,0,0,2,0,0,0,Medium Fast,127,70,3:gunpowder 2:iron_ore,,,0,,,FALSE,,light,,
206,Dunsparce ,145,1,0,0,0,0,0,Medium Fast,127,70,,,,0,,,FALSE,,,,
207,Gligar ,86,0,0,1,0,0,0,Medium Slow,127,70,,,,0,,,FALSE,,,,
208,Steelix ,179,0,0,2,0,0,0,Medium Fast,127,70,,,,0,,,FALSE,,rock,,
209,Snubbull ,60,0,1,0,0,0,0,Fast,191,70,,,,0,,,FALSE,,,,
210,Granbull ,158,0,2,0,0,0,0,Fast,191,70,,,,0,,,FALSE,,,,
211,Qwilfish ,86,0,1,0,0,0,0,Medium Fast,127,70,,,1:fish,0,,,FALSE,,water,,
212,Scizor ,175,0,2,0,0,0,0,Medium Fast,127,70,,,,0,,,FALSE,,,,
213,Shuckle ,177,0,0,1,0,1,0,Medium Slow,127,70,2:slime_ball,,,1:berryjuice,,,FALSE,,rock,,
214,Heracross ,175,0,2,0,0,0,0,Slow,127,70,1:bone,,,0,,,FALSE,,,,
215,Sneasel ,86,0,0,0,0,0,1,Medium Slow,127,35,,,,0,,,FALSE,,,,
216,Teddiursa ,66,0,1,0,0,0,0,Medium Fast,127,70,,,,0,,,FALSE,,,,
217,Ursaring ,175,0,2,0,0,0,0,Medium Fast,127,70,,,,0,,,FALSE,,,,
218,Slugma ,50,0,0,0,1,0,0,Medium Fast,127,70,1:magma_cream,,,0,,,FALSE,magmacube,,,
219,Magcargo ,144,0,0,2,0,0,0,Medium Fast,127,70,2:magma_cream,,,0,,,FALSE,,,,
220,Swinub ,50,0,1,0,0,0,0,Slow,127,70,,,1:porkchop,0,,,FALSE,,grass,,
221,Piloswine ,158,1,1,0,0,0,0,Slow,127,70,,,2:porkchop,0,,,FALSE,,grass,,
222,Corsola ,133,0,0,1,0,1,0,Fast,191,70,,,,0,,,FALSE,,water,,
223,Remoraid ,60,0,0,0,1,0,0,Medium Fast,127,70,,,1:fish,0,,,FALSE,,water,,
224,Octillery ,168,0,1,0,1,0,0,Medium Fast,127,70,2:dye:0,,,0,,,FALSE,,water,,
225,Delibird ,116,0,0,0,0,0,1,Fast,127,70,,,1:chicken,0,,,FALSE,,,,
226,Mantine ,163,0,0,0,0,2,0,Slow,127,70,,,1:fish,0,,,FALSE:FALSE:TRUE,,water,,
227,Skarmory ,163,0,0,2,0,0,0,Slow,127,70,1:iron_ingot,,1:chicken,0,,,FALSE,,,,
228,Houndour ,66,0,0,0,1,0,0,Slow,127,35,1:coal,1:blaze_rod,,0,,,FALSE,,,,
229,Houndoom ,175,0,0,0,2,0,0,Slow,127,35,2:coal,2:blaze_rod,,0,,,FALSE,,,,
230,Kingdra ,243,0,1,0,1,1,0,Medium Fast,127,70,,,,0,,,FALSE,,water,,
231,Phanpy ,66,1,0,0,0,0,0,Medium Fast,127,70,,,,0,,,FALSE,,grass,,
232,Donphan ,175,0,1,1,0,0,0,Medium Fast,127,70,,,,0,,,FALSE,,grass,,
233,Porygon2 ,180,0,0,0,2,0,0,Medium Fast,255,70,,,,0,,,FALSE,,,,
234,Stantler ,163,0,1,0,0,0,0,Slow,127,70,1:bone,,1:beef,0,,,FALSE,,,,
235,Smeargle ,88,0,0,0,0,0,1,Fast,127,70,,,,0,,,FALSE:::TRUE#2,,,,
236,Tyrogue ,42,0,1,0,0,0,0,Medium Fast,0,70,,,,0,,,FALSE,,,,
237,Hitmontop ,159,0,0,0,0,2,0,Medium Fast,0,70,,,,0,,,FALSE,,,,
238,Smoochum ,61,0,0,0,1,0,0,Medium Fast,254,70,,,,0,,,FALSE,,,,
239,Elekid ,72,0,0,0,0,0,1,Medium Fast,63,70,,,,0,,,FALSE,,,,
240,Magby ,73,0,0,0,0,0,1,Medium Fast,63,70,,,,0,,water,FALSE,,,,
241,Miltank ,172,0,0,2,0,0,0,Slow,254,70,1:leather,,1:beef,0,,,FALSE,,grass,,bucket`milk_bucket
242,Blissey ,608,3,0,0,0,0,0,Fast,254,140,,,,0,,,FALSE,,,,
243,Raikou ,261,0,0,0,1,0,2,Slow,255,35,1:nether_star,,,0,,,FALSE,,,,
244,Entei ,261,1,2,0,0,0,0,Slow,255,35,1:nether_star,,,0,,,FALSE,,,,
245,Suicune ,261,0,0,1,0,2,0,Slow,255,35,1:nether_star,,,0,,,FALSE,,,,
246,Larvitar ,60,0,1,0,0,0,0,Slow,127,35,,,,0,,,FALSE,,rock,,
247,Pupitar ,144,0,2,0,0,0,0,Slow,127,35,,,,0,,,FALSE,,rock,,
248,Tyranitar ,270,0,3,0,0,0,0,Slow,127,35,,,,0,,,FALSE,,rock,,
249,Lugia ,306,0,0,0,0,3,0,Slow,255,0,1:nether_star,,,0,,,FALSE::TRUE,,,,
250,Ho-Oh ,306,0,0,0,0,3,0,Slow,255,0,1:nether_star,,,0,,,FALSE,,,,
251,Celebi ,270,3,0,0,0,0,0,Medium Slow,255,100,1:nether_star,,,0,,,FALSE,,light,,
252,Treecko ,62,0,0,0,0,0,1,Medium Slow,31,70,1:wheat_seeds,,,0,,,FALSE,,light,,
253,Grovyle ,142,0,0,0,0,0,2,Medium Slow,31,70,2:wheat_seeds,,,0,,,FALSE,,light,,
254,Sceptile ,239,0,0,0,0,0,3,Medium Slow,31,70,3:wheat_seeds,,,0,,,FALSE,,light,,
255,Torchic ,62,0,0,0,1,0,0,Medium Slow,31,70,1:coal 1:feather,,1:chicken,0,,,TRUE,,,,
256,Combusken ,142,0,1,0,1,0,0,Medium Slow,31,70,2:coal 2:feather,,1:chicken,0,,,FALSE,,,,
257,Blaziken ,239,0,3,0,0,0,0,Medium Slow,31,70,3:coal 3:feather,,1:chicken,0,,,FALSE,,,,
258,Mudkip ,62,0,1,0,0,0,0,Medium Slow,31,70,,,,0,,,FALSE,,,,
259,Marshtomp ,142,0,2,0,0,0,0,Medium Slow,31,70,,,,0,,,FALSE,,,,
260,Swampert ,241,0,3,0,0,0,0,Medium Slow,31,70,,,,0,,,FALSE::TRUE,,,,
261,Poochyena ,44,0,1,0,0,0,0,Medium Fast,127,70,,,,0,,,FALSE,,,,
262,Mightyena ,147,0,2,0,0,0,0,Medium Fast,127,70,,,,0,,,FALSE,,,,
263,Zigzagoon ,48,0,0,0,0,0,1,Medium Fast,127,70,,,1:rabbit,1:oranberry:10,,,FALSE,,,,
264,Linoone ,147,0,0,0,0,0,2,Medium Fast,127,70,,,1:rabbit,0,,,FALSE,,,,
265,Wurmple ,39,1,0,0,0,0,0,Medium Fast,127,70,1:string,,,0,,,FALSE,,grass,,
266,Silcoon ,72,0,0,2,0,0,0,Medium Fast,127,70,2:string,,,0,,,FALSE,,,,
267,Beautifly ,173,0,0,0,3,0,0,Medium Fast,127,70,1:spider_eye,,,0,,,FALSE,,,,
268,Cascoon ,41,0,0,2,0,0,0,Medium Fast,127,70,2:string,,,0,,,FALSE,,,,
269,Dustox ,135,0,0,0,0,3,0,Medium Fast,127,70,1:spider_eye,,,0,,,FALSE,,,,
270,Lotad ,44,0,0,0,0,1,0,Medium Slow,127,70,,,,0,,,FALSE,,light,,
271,Lombre ,119,0,0,0,0,2,0,Medium Slow,127,70,,,,0,,,FALSE,,light,,
272,Ludicolo ,216,0,0,0,0,3,0,Medium Slow,127,70,,,,0,,,FALSE,,light,,
273,Seedot ,44,0,0,1,0,0,0,Medium Slow,127,70,1:wheat_seeds,1:melon_seeds 1:pumpkin_seeds,,0,,,FALSE,zombie,light,,
274,Nuzleaf ,119,0,2,0,0,0,0,Medium Slow,127,70,1:wheat_seeds,,,0,,,FALSE,,light,,
275,Shiftry ,216,0,3,0,0,0,0,Medium Slow,127,70,1:wheat_seeds,,,0,,,FALSE,,light,,
276,Taillow ,54,0,0,0,0,0,1,Medium Slow,127,70,1:feather,,1:chicken,0,,,TRUE,,,,
277,Swellow ,151,0,0,0,0,0,2,Medium Slow,127,70,2:feather,,1:chicken,0,,,FALSE,,,,
278,Wingull ,54,0,0,0,0,0,1,Medium Fast,127,70,1:feather,,1:chicken,0,,,TRUE,,,,
279,Pelipper ,151,0,0,2,0,0,0,Medium Fast,127,70,2:feather,,1:chicken,0,,,FALSE,,,,
280,Ralts ,40,0,0,0,1,0,0,Slow,127,35,1:ender_pearl,,,0,,,FALSE,,,,
281,Kirlia ,97,0,0,0,2,0,0,Slow,127,35,2:ender_pearl,,,1:dawnstone:0:50,,,FALSE,,,,
282,Gardevoir ,233,0,0,0,3,0,0,Slow,127,35,3:ender_pearl,,,0,,,FALSE,,,,
283,Surskit ,54,0,0,0,0,0,1,Medium Fast,127,70,,,,0,,,FALSE,,,,
284,Masquerain ,145,0,0,0,1,1,0,Medium Fast,127,70,,,,0,,,FALSE,,,,
285,Shroomish ,59,1,0,0,0,0,0,Fluctuating,127,70,1:brown_mushroom 1:red_mushroom,,,0,,,FALSE,,light,,
286,Breloom ,161,0,2,0,0,0,0,Fluctuating,127,70,2:brown_mushroom 2:red_mushroom,,,0,,,FALSE,,light,,
287,Slakoth ,56,1,0,0,0,0,0,Slow,127,70,,,1:rabbit,0,,,FALSE,,,,
288,Vigoroth ,154,0,0,0,0,0,2,Slow,127,70,,,1:rabbit,0,,,FALSE,,,,
289,Slaking ,252,3,0,0,0,0,0,Slow,127,70,,,1:rabbit,0,,,FALSE,,,,
290,Nincada ,53,0,0,1,0,0,0,Erratic,127,70,,,,0,,,FALSE,,,,
291,Ninjask ,160,0,0,0,0,0,2,Erratic,127,70,,,,0,,,FALSE,,,,
292,Shedinja ,83,2,0,0,0,0,0,Erratic,255,70,,,,0,,,FALSE,zombie,,,
293,Whismur ,48,1,0,0,0,0,0,Medium Slow,127,70,,,1:rabbit,0,,,FALSE,,,,
294,Loudred ,126,2,0,0,0,0,0,Medium Slow,127,70,,,2:rabbit,0,,,FALSE,,,,
295,Exploud ,216,3,0,0,0,0,0,Medium Slow,127,70,,,2:rabbit,0,,,FALSE,,,,
296,Makuhita ,47,1,0,0,0,0,0,Fluctuating,63,70,,,,0,,,FALSE,,,,
297,Hariyama ,166,2,0,0,0,0,0,Fluctuating,63,70,,,,0,,,FALSE,,,,
298,Azurill ,38,1,0,0,0,0,0,Fast,191,70,,,,0,,,FALSE,,,,
299,Nosepass ,75,0,0,1,0,0,0,Medium Fast,127,70,,,,0,,,FALSE,,rock,,
300,Skitty ,52,0,0,0,0,0,1,Fast,191,70,,,1:rabbit,0,,,FALSE,,,,
301,Delcatty ,133,1,0,0,0,0,1,Fast,191,70,,,2:rabbit,0,,,FALSE,,,,
302,Sableye ,133,0,1,1,0,0,0,Medium Slow,127,35,,,,0,,,FALSE,,,,
303,Mawile ,133,0,1,1,0,0,0,Fast,127,70,,,,0,,,FALSE,,,,
304,Aron ,66,0,0,1,0,0,0,Slow,127,35,1:iron_ingot,,,0,,water,FALSE,,rock,,
305,Lairon ,151,0,0,2,0,0,0,Slow,127,35,2:iron_ingot,,,0,,water,FALSE,,rock,,
306,Aggron ,239,0,0,3,0,0,0,Slow,127,35,3:iron_ingot,,,0,,water,FALSE,,rock,,
307,Meditite ,56,0,0,0,0,0,1,Medium Fast,127,70,,,,0,,,FALSE,,,,
308,Medicham ,144,0,0,0,0,0,2,Medium Fast,127,70,,,,0,,,FALSE,,,,
309,Electrike ,59,0,0,0,0,0,1,Slow,127,70,1:redstone,,,0,,,FALSE,,,,
310,Manectric ,166,0,0,0,0,0,2,Slow,127,70,2:redstone,,,0,,,FALSE,,,,
311,Plusle ,142,0,0,0,0,0,1,Medium Fast,127,70,1:redstone,,1:rabbit,0,,,TRUE,,grass,,
312,Minun ,142,0,0,0,0,0,1,Medium Fast,127,70,1:redstone,,1:rabbit,0,,,TRUE,,grass,,
313,Volbeat ,140,0,0,0,0,0,1,Erratic,0,70,,,,0,,,FALSE,,,,
314,Illumise ,140,0,0,0,0,0,1,Fluctuating,254,70,,,,0,,,FALSE,,,,
315,Roselia ,140,0,0,0,2,0,0,Medium Slow,127,70,,,,0,,,FALSE,,,,
316,Gulpin ,60,1,0,0,0,0,0,Fluctuating,127,70,1:slime_ball,,,0,,,FALSE,slime,,,
317,Swalot ,163,2,0,0,0,0,0,Fluctuating,127,70,2:slime_ball,,,0,,,FALSE,,,,
318,Carvanha ,61,0,1,0,0,0,0,Slow,127,35,,,1:fish,0,,,FALSE,,water,,
319,Sharpedo ,161,0,2,0,0,0,0,Slow,127,35,,,2:fish,0,,,FALSE,,,,
320,Wailmer ,80,1,0,0,0,0,0,Fluctuating,127,70,,,1:fish,0,,,FALSE,,water,,
321,Wailord ,175,2,0,0,0,0,0,Fluctuating,127,70,,,2:fish,0,,,FALSE:TRUE:TRUE,,water,,
322,Numel ,61,0,0,0,1,0,0,Medium Fast,127,70,,,,0,,water,FALSE,,grass,,bucket`lava_bucket
323,Camerupt ,161,0,1,0,1,0,0,Medium Fast,127,70,,,,0,,water,FALSE,,grass,,bucket`lava_bucket
324,Torkoal ,165,0,0,2,0,0,0,Medium Fast,127,70,,,,0,,water,FALSE,,grass,,
325,Spoink ,66,0,0,0,0,1,0,Fast,127,70,1:ender_pearl,,1:porkchop,0,,,FALSE,,grass,,
326,Grumpig ,165,0,0,0,0,2,0,Fast,127,70,2:ender_pearl,,1:porkchop,0,,,FALSE,,grass,,
327,Spinda ,126,0,0,0,1,0,0,Fast,127,70,,,,0,,,FALSE,,,,
328,Trapinch ,58,0,1,0,0,0,0,Medium Slow,127,70,,,,0,,water,FALSE,,,,
329,Vibrava ,119,0,1,0,0,0,1,Medium Slow,127,70,,,,0,,,FALSE,,,,
330,Flygon ,234,0,1,0,0,0,2,Medium Slow,127,70,,,,0,,,FALSE,,,,
331,Cacnea ,67,0,0,0,1,0,0,Medium Slow,127,35,,,,0,,,FALSE,,,,
332,Cacturne ,166,0,1,0,1,0,0,Medium Slow,127,35,,,,0,,,FALSE,,,,
333,Swablu ,62,0,0,0,0,1,0,Erratic,127,70,1:wool,,,0,,,TRUE,,,,
334,Altaria ,172,0,0,0,0,2,0,Erratic,127,70,2:wool,,,0,,,FALSE,,,,
335,Zangoose ,160,0,2,0,0,0,0,Erratic,127,70,,,1:rabbit,0,,,FALSE,,,,
336,Seviper ,160,0,1,0,1,0,0,Fluctuating,127,70,,,,0,,,FALSE,,,,
337,Lunatone ,154,0,0,0,2,0,0,Fast,255,70,,1:moonstone,,0,,,FALSE,,none,,
338,Solrock ,154,0,2,0,0,0,0,Fast,255,70,,1:sunstone,,0,,,FALSE,,none,,
339,Barboach ,58,1,0,0,0,0,0,Medium Fast,127,70,,,1:fish,0,,,FALSE,,water,,
340,Whiscash ,164,2,0,0,0,0,0,Medium Fast,127,70,,,2:fish,0,,,FALSE,,water,,
341,Corphish ,62,0,1,0,0,0,0,Fluctuating,127,70,,1:shears,1:fish,0,,,FALSE,,water,,
342,Crawdaunt ,164,0,2,0,0,0,0,Fluctuating,127,70,1:shears,,2:fish,0,,,FALSE,,water,,
343,Baltoy ,60,0,0,0,0,1,0,Medium Fast,255,70,,,,0,,,FALSE,,,,
344,Claydol ,175,0,0,0,0,2,0,Medium Fast,255,70,,,,0,,,FALSE,,,,
345,Lileep ,71,0,0,0,0,1,0,Erratic,31,70,,,,0,,,FALSE::::TRUE,,,,
346,Cradily ,173,0,0,0,0,2,0,Erratic,31,70,,,,0,,,FALSE::::TRUE,,,,
347,Anorith ,71,0,1,0,0,0,0,Erratic,31,70,1:bone,,,0,,,FALSE,,,,
348,Armaldo ,173,0,2,0,0,0,0,Erratic,31,70,2:bone,,,0,,,FALSE,,,,
349,Feebas ,40,0,0,0,0,0,1,Erratic,127,70,,,1:fish,0,,,FALSE,,water,,
350,Milotic ,189,0,0,0,0,2,0,Erratic,127,70,,,2:fish,0,,,FALSE::TRUE,,water,,
351,Castform ,147,1,0,0,0,0,0,Medium Fast,127,70,,,,0,,,FALSE,,,,
352,Kecleon ,154,0,0,0,0,1,0,Medium Slow,127,70,,,,0,,,FALSE,,,,
353,Shuppet ,59,0,1,0,0,0,0,Fast,127,35,,,,0,,,FALSE,,,,
354,Banette ,159,0,2,0,0,0,0,Fast,127,35,,,,0,,,FALSE,,,,
355,Duskull ,59,0,0,0,0,1,0,Fast,127,35,1:bone,,,0,,,FALSE,,,,
356,Dusclops ,159,0,0,1,0,1,0,Fast,127,35,2:bone,,,0,,,FALSE,,,,
357,Tropius ,161,2,0,0,0,0,0,Slow,127,70,1:apple,,1:beef,0,,,FALSE,,light,,shears`apple
358,Chimecho ,149,0,0,0,1,1,0,Fast,127,70,1:ender_pearl,,,0,,,FALSE,,,,
359,Absol ,163,0,2,0,0,0,0,Medium Slow,127,35,,,,0,,,FALSE,,,,
360,Wynaut ,52,1,0,0,0,0,0,Medium Fast,127,70,,,,0,,,FALSE,,,,
361,Snorunt ,60,1,0,0,0,0,0,Medium Fast,127,70,1:ice,1:packed_ice,,0,,,FALSE,,,,
362,Glalie ,168,2,0,0,0,0,0,Medium Fast,127,70,2:ice,2:packed_ice,,0,,,FALSE,,,,
363,Spheal ,58,1,0,0,0,0,0,Medium Slow,127,70,1:ice,,,0,,,FALSE,,water,,
364,Sealeo ,144,2,0,0,0,0,0,Medium Slow,127,70,2:ice,,,0,,,FALSE,,water,,
365,Walrein ,239,3,0,0,0,0,0,Medium Slow,127,70,3:ice,,,0,,,FALSE,,water,,
366,Clamperl ,69,0,0,1,0,0,0,Erratic,127,70,,,,0,,,FALSE,,water,,
367,Huntail ,170,0,1,1,0,0,0,Erratic,127,70,,,1:fish,0,,,FALSE,,water,,
368,Gorebyss ,170,0,0,0,2,0,0,Erratic,127,70,,,1:fish,0,,,FALSE,,water,,
369,Relicanth ,170,1,0,1,0,0,0,Slow,31,70,,,1:fish,0,,,FALSE,,water,,
370,Luvdisc ,116,0,0,0,0,0,1,Fast,191,70,,,,0,,,FALSE,,water,,
371,Bagon ,60,0,1,0,0,0,0,Slow,127,35,,,,0,,,FALSE,,,,
372,Shelgon ,147,0,0,2,0,0,0,Slow,127,35,,,,0,,,FALSE,,,,
373,Salamence ,270,0,3,0,0,0,0,Slow,127,35,,,,0,,,FALSE,,,,
374,Beldum ,60,0,0,1,0,0,0,Slow,255,35,1:iron_ingot,1:ender_pearl,,0,,,FALSE,,none,,
375,Metang ,147,0,0,2,0,0,0,Slow,255,35,2:iron_ingot,2:ender_pearl,,0,,,FALSE:TRUE:FALSE,,none,,
376,Metagross ,270,0,0,3,0,0,0,Slow,255,35,3:iron_ingot,3:ender_pearl,,0,,,FALSE:TRUE:FALSE,,none,,
377,Regirock ,261,0,0,3,0,0,0,Slow,255,35,,,,0,,,FALSE,,none,,
378,Regice ,261,0,0,0,0,3,0,Slow,255,35,,,,0,,,FALSE,,none,,
379,Registeel ,261,0,0,2,0,1,0,Slow,255,35,,,,0,,,FALSE,,none,,
380,Latias ,270,0,0,0,0,3,0,Slow,254,90,,,,0,,,FALSE,,,,
381,Latios ,270,0,0,0,3,0,0,Slow,0,90,,,,0,,,FALSE,,,,
382,Kyogre ,302,0,0,0,3,0,0,Slow,255,0,,,,0,,,FALSE::TRUE,,,,
383,Groudon ,302,0,3,0,0,0,0,Slow,255,0,,,,0,,water,FALSE,,,,
384,Rayquaza ,306,0,2,0,1,0,0,Slow,255,0,,,,0,,,FALSE,,,,
385,Jirachi ,270,3,0,0,0,0,0,Slow,255,100,1:nether_star,,,0,,,TRUE,,,,
386,Deoxys,270,0,1,0,1,0,1,Slow,255,0,1:nether_star,,,0,,,FALSE,,,,
386,Deoxys Attack,270,0,2,0,1,0,0,Slow,,,,,,0,,,FALSE,,,,
386,Deoxys Defense,270,0,0,2,0,1,0,Slow,,,,,,0,,,FALSE,,,,
386,Deoxys Speed,270,0,0,0,0,0,3,Slow,,,,,,0,,,FALSE,,,,
387,Turtwig ,64,0,1,0,0,0,0,Medium Slow,31,70,1:wheat_seeds,,,0,,,FALSE,,light,,
388,Grotle ,142,0,1,1,0,0,0,Medium Slow,31,70,2:wheat_seeds,,,0,,,FALSE,,light,,
389,Torterra ,236,0,2,1,0,0,0,Medium Slow,31,70,3:wheat_seeds,,,0,,,FALSE,,light,,
390,Chimchar ,62,0,0,0,0,0,1,Medium Slow,31,70,1:coal,,,0,,,FALSE,,,,
391,Monferno ,142,0,0,0,1,0,1,Medium Slow,31,70,2:coal,,,0,,,FALSE,,,,
392,Infernape ,240,0,1,0,1,0,1,Medium Slow,31,70,3:coal,,,0,,,FALSE,,,,
393,Piplup ,63,0,0,0,1,0,0,Medium Slow,31,70,,,1:chicken,0,,,TRUE,,,,
394,Prinplup ,142,0,0,0,2,0,0,Medium Slow,31,70,,,2:chicken,0,,,FALSE,,,,
395,Empoleon ,239,0,0,0,3,0,0,Medium Slow,31,70,,,2:chicken,0,,,FALSE::TRUE,,,,
396,Starly ,49,0,0,0,0,0,1,Medium Slow,127,70,1:feather,,1:chicken,0,,,FALSE,,,,
397,Staravia ,119,0,0,0,0,0,2,Medium Slow,127,70,2:feather,,1:chicken,0,,,FALSE,,,,
398,Staraptor ,214,0,3,0,0,0,0,Medium Slow,127,70,3:feather,,1:chicken,0,,,FALSE,,,,
399,Bidoof ,50,1,0,0,0,0,0,Medium Fast,127,70,,,,0,,,FALSE,,grass,,
400,Bibarel ,144,0,2,0,0,0,0,Medium Fast,127,70,,,,0,,,FALSE,,grass,,
401,Kricketot ,39,0,0,1,0,0,0,Medium Slow,127,70,,,,0,,,FALSE,,,,
402,Kricketune ,134,0,2,0,0,0,0,Medium Slow,127,70,,,,0,,,FALSE,,,,
403,Shinx ,53,0,1,0,0,0,0,Medium Slow,127,70,1:redstone,,1:rabbit,0,,,FALSE,,grass,,
404,Luxio ,127,0,2,0,0,0,0,Medium Slow,127,100,2:redstone,,1:rabbit,0,,,FALSE,,grass,,
405,Luxray ,235,0,3,0,0,0,0,Medium Slow,127,70,3:redstone,,2:rabbit,0,,,FALSE,,grass,,
406,Budew ,56,0,0,0,1,0,0,Medium Slow,127,70,,,,0,,,FALSE,,light,,
407,Roserade ,227,0,0,0,3,0,0,Medium Slow,127,70,,,,0,,,FALSE,,light,,
408,Cranidos ,70,0,1,0,0,0,0,Erratic,31,70,,,,0,,,FALSE,,,,
409,Rampardos ,173,0,2,0,0,0,0,Erratic,31,70,,,,0,,,FALSE,,,,
410,Shieldon ,70,0,0,1,0,0,0,Erratic,31,70,,,,0,,,FALSE,,,,
411,Bastiodon ,173,0,0,2,0,0,0,Erratic,31,70,,,,0,,,FALSE,,,,
412,Burmy ,45,0,0,0,0,1,0,Medium Fast,127,70,,,,0,,,FALSE,,,,
413,Wormadam,148,0,0,0,0,2,0,Medium Fast,254,70,,,,0,,,FALSE,,,,
413,Wormadam Sandy,148,0,0,2,0,0,0,Medium Fast,,,,,,0,,,FALSE,,,,
413,Wormadam Trash,148,0,0,1,0,1,0,Medium Fast,,,,,,0,,,FALSE,,,,
414,Mothim ,148,0,1,0,1,0,0,Medium Fast,0,70,,,,0,,,FALSE,,,,
415,Combee ,49,0,0,0,0,0,1,Medium Slow,31,70,,,,0,,,FALSE,,,,
416,Vespiquen ,166,0,0,1,0,1,0,Medium Slow,254,70,,,,0,,,FALSE,,,,
417,Pachirisu ,142,0,0,0,0,0,1,Medium Fast,127,100,1:redstone,,1:rabbit,0,,,TRUE,,,,
418,Buizel ,66,0,0,0,0,0,1,Medium Fast,127,70,,,1:rabbit,0,,,FALSE,,,,
419,Floatzel ,173,0,0,0,0,0,2,Medium Fast,127,70,,,1:rabbit,0,,,FALSE,,,,
420,Cherubi ,55,0,0,0,1,0,0,Medium Fast,127,70,,,,0,,,FALSE,,light,,
421,Cherrim ,158,0,0,0,2,0,0,Medium Fast,127,70,,,,0,,,FALSE,,light,,
422,Shellos ,65,1,0,0,0,0,0,Medium Fast,127,70,1:slime_ball,,,0,,,FALSE,,water,,
423,Gastrodon ,166,2,0,0,0,0,0,Medium Fast,127,70,2:slime_ball,,,0,,,FALSE,,water,,
424,Ambipom ,169,0,0,0,0,0,2,Fast,127,100,,,,0,,,FALSE,,,,
425,Drifloon ,70,1,0,0,0,0,0,Fluctuating,127,70,,,,0,,,FALSE,,,,
426,Drifblim ,174,2,0,0,0,0,0,Fluctuating,127,70,,,,0,,,FALSE,,,,
427,Buneary ,70,0,0,0,0,0,1,Medium Fast,127,0,,,1:rabbit,0,,,FALSE,,,,
428,Lopunny ,168,0,0,0,0,0,2,Medium Fast,127,140,,,2:rabbit,0,,,FALSE,,,,
429,Mismagius ,173,0,0,0,1,1,0,Fast,127,35,2:ender_pearl,1:ghast_tear,,0,,,FALSE,,,,
430,Honchkrow ,177,0,2,0,0,0,0,Medium Slow,127,35,,,1:chicken,0,,,FALSE,,,,
431,Glameow ,62,0,0,0,0,0,1,Fast,191,70,,,1:rabbit,0,,,FALSE,,,,
432,Purugly ,158,0,0,0,0,0,2,Fast,191,70,,,2:rabbit,0,,,FALSE,,,,
433,Chingling ,57,0,0,0,1,0,0,Fast,127,70,,,,0,,,FALSE,,,,
434,Stunky ,66,0,0,0,0,0,1,Medium Fast,127,70,,,,0,,,FALSE,,,,
435,Skuntank ,168,2,0,0,0,0,0,Medium Fast,127,70,,,,0,,,FALSE,,,,
436,Bronzor ,60,0,0,1,0,0,0,Medium Fast,255,70,1:iron_ingot,,,0,,,FALSE,,none,,
437,Bronzong ,175,0,0,1,0,1,0,Medium Fast,255,70,2:iron_ingot,,,0,,,FALSE,,none,,
438,Bonsly ,58,0,0,1,0,0,0,Medium Fast,127,70,1:cobblestone,,,0,,,FALSE,,,,
439,Mime Jr. ,62,0,0,0,0,1,0,Medium Fast,127,70,,,,0,,,FALSE,,,,
440,Happiny ,110,1,0,0,0,0,0,Fast,254,140,,,,0,,,FALSE,,,,
441,Chatot ,144,0,1,0,0,0,0,Medium Slow,127,35,1:feather,,1:chicken,0,,,TRUE,,,,
442,Spiritomb ,170,0,0,1,0,1,0,Medium Fast,127,70,,,,0,,,FALSE,,,,
443,Gible ,60,0,1,0,0,0,0,Slow,127,70,,,,0,,,FALSE,,rock,,
444,Gabite ,144,0,2,0,0,0,0,Slow,127,70,,,,0,,,FALSE,,,,
445,Garchomp ,270,0,3,0,0,0,0,Slow,127,70,,,,0,,,FALSE,,,,
446,Munchlax ,78,1,0,0,0,0,0,Slow,31,70,,,,0,,,FALSE,,,,
447,Riolu ,57,0,1,0,0,0,0,Medium Slow,31,70,,,,0,,,FALSE,,,,
448,Lucario ,184,0,1,0,1,0,0,Medium Slow,31,70,,,,0,,,FALSE,,,,
449,Hippopotas ,66,0,0,1,0,0,0,Slow,127,70,1:sand,,,0,,,FALSE,,grass,,
450,Hippowdon ,184,0,0,2,0,0,0,Slow,127,70,2:sand,,,0,,,FALSE,,grass,,
451,Skorupi ,66,0,0,1,0,0,0,Slow,127,70,,,,0,,,FALSE,,,,
452,Drapion ,175,0,0,2,0,0,0,Slow,127,70,,,,0,,,FALSE,,,,
453,Croagunk ,60,0,1,0,0,0,0,Medium Fast,127,100,,,,0,,,FALSE,,,,
454,Toxicroak ,172,0,2,0,0,0,0,Medium Fast,127,70,,,,0,,,FALSE,,,,
455,Carnivine ,159,0,2,0,0,0,0,Slow,127,70,,,,0,,,FALSE,,light,,
456,Finneon ,66,0,0,0,0,0,1,Erratic,127,70,,,1:fish,0,,,FALSE,,water,,
457,Lumineon ,161,0,0,0,0,0,2,Erratic,127,70,,,2:fish,0,,,FALSE,,water,,
458,Mantyke ,69,0,0,0,0,1,0,Slow,127,70,,,1:fish,0,,,FALSE:FALSE,,water,,
459,Snover ,67,0,1,0,0,0,0,Slow,127,70,,,,0,,,FALSE,,light,,
460,Abomasnow ,173,0,1,0,1,0,0,Slow,127,70,,,,0,,,FALSE,,light,,
461,Weavile ,179,0,1,0,0,0,1,Medium Slow,127,35,,,,0,,,FALSE,,,,
462,Magnezone ,241,0,0,0,3,0,0,Medium Fast,255,70,3:iron_ingot,,,0,,,FALSE:TRUE:FALSE,,electricity,,
463,Lickilicky ,180,3,0,0,0,0,0,Medium Fast,127,70,,,,0,,,FALSE,,,,
464,Rhyperior ,241,0,3,0,0,0,0,Slow,127,70,,,,0,,,FALSE,,,,
465,Tangrowth ,187,0,0,2,0,0,0,Medium Fast,127,70,,,,0,,,FALSE,,light,,
466,Electivire ,243,0,3,0,0,0,0,Medium Fast,63,70,,,,0,,,FALSE,,electricity,,
467,Magmortar ,243,0,0,0,3,0,0,Medium Fast,63,70,,,,0,,water,FALSE,,,,
468,Togekiss ,245,0,0,0,2,1,0,Fast,31,70,,,,0,,,FALSE,,,,
469,Yanmega ,180,0,2,0,0,0,0,Medium Fast,127,70,,,,0,,,FALSE,,,,
470,Leafeon ,184,0,0,2,0,0,0,Medium Fast,31,35,,,2:rabbit,0,,,FALSE,,light,,
471,Glaceon ,184,0,0,0,2,0,0,Medium Fast,31,35,,,2:rabbit,0,,,FALSE,,,,
472,Gliscor ,179,0,0,2,0,0,0,Medium Slow,127,70,,,,0,,,FALSE,,,,
473,Mamoswine ,239,0,3,0,0,0,0,Slow,127,70,,,3:beef,0,,,FALSE,,grass,,
474,Porygon-Z ,241,0,0,0,3,0,0,Medium Fast,255,70,,,,0,,,FALSE,,,,
475,Gallade ,233,0,3,0,0,0,0,Slow,0,35,,,,0,,,FALSE,,,,
476,Probopass ,184,0,0,1,0,2,0,Medium Fast,127,70,,,,0,,,FALSE,,rock,,
477,Dusknoir ,236,0,0,1,0,2,0,Fast,127,35,,,,0,,,FALSE,,,,
478,Froslass ,168,0,0,0,0,0,2,Medium Fast,254,70,,,,0,,,FALSE,,,,
479,Rotom ,154,0,0,0,1,0,1,Medium Fast,255,70,,,,0,,,FALSE,,,,
480,Uxie ,261,0,0,2,0,1,0,Slow,255,140,,,,0,,,FALSE,,,,
481,Mesprit ,261,0,1,0,1,1,0,Slow,255,140,,,,0,,,FALSE,,,,
482,Azelf ,261,0,2,0,1,0,0,Slow,255,140,,,,0,,,FALSE,,,,
483,Dialga ,306,0,0,0,3,0,0,Slow,255,0,,,,0,,,FALSE,,,,
484,Palkia ,306,0,0,0,3,0,0,Slow,255,0,,,,0,,,FALSE,,,,
485,Heatran ,270,0,0,0,3,0,0,Slow,127,100,,,,0,,,FALSE,,,,
486,Regigigas ,302,0,3,0,0,0,0,Slow,255,0,,,,0,,,FALSE,,,,
487,Giratina ,306,3,0,0,0,0,0,Slow,255,0,,,,0,,,FALSE,,,,
488,Cresselia ,270,0,0,0,0,3,0,Slow,254,100,,,,0,,,FALSE,,,,
489,Phione ,216,1,0,0,0,0,0,Slow,255,70,1:nether_star,,,0,,,FALSE,,,,
490,Manaphy ,270,3,0,0,0,0,0,Slow,255,70,1:nether_star,,,0,,,FALSE,,,,
491,Darkrai ,270,0,0,0,2,0,1,Slow,255,0,,,,0,,,FALSE,,,,
492,Shaymin Land,270,3,0,0,0,0,0,Medium Slow,255,100,,,,0,,,FALSE,,light,,
492,Shaymin Sky,270,0,0,0,0,0,3,Medium Slow,,,,,,0,,,FALSE,,light,,
493,Arceus ,324,3,0,0,0,0,0,Slow,255,0,,,,0,,,FALSE,,,,
494,Victini ,270,3,0,0,0,0,0,Slow,255,100,1:nether_star,,,0,,,FALSE,,,,
495,Snivy ,28,0,0,0,0,0,1,Medium Slow,31,70,1:wheat_seeds,,,0,,,FALSE,,light,,
496,Servine ,145,0,0,0,0,0,2,Medium Slow,31,70,2:wheat_seeds,,,0,,,FALSE,,light,,
497,Serperior ,238,0,0,0,0,0,3,Medium Slow,31,70,3:wheat_seeds,,,0,,,FALSE,,light,,
498,Tepig ,28,1,0,0,0,0,0,Medium Slow,31,70,1:coal,,1:porkchop,0,,,FALSE,,,,
499,Pignite ,146,0,2,0,0,0,0,Medium Slow,31,70,2:coal,,1:porkchop,0,,,FALSE,,,,
500,Emboar ,238,0,3,0,0,0,0,Medium Slow,31,70,3:coal 3:leather,,1:porkchop,0,,,FALSE,,,,
501,Oshawott ,28,0,0,0,1,0,0,Medium Slow,31,70,,,,0,,,FALSE,,,,
502,Dewott ,145,0,0,0,2,0,0,Medium Slow,31,70,,,,0,,,FALSE,,,,
503,Samurott ,238,0,0,0,3,0,0,Medium Slow,31,70,,,,0,,,FALSE::TRUE,,,,
504,Patrat ,51,0,1,0,0,0,0,Medium Fast,127,70,,,,0,,,FALSE,,grass,,
505,Watchog ,147,0,1,0,0,0,0,Medium Fast,127,70,,,,0,,,FALSE,,grass,,
506,Lillipup ,55,0,1,0,0,0,0,Medium Slow,127,70,,,,0,,,FALSE,,,,
507,Herdier ,130,0,2,0,0,0,0,Medium Slow,127,70,,,,0,,,FALSE,,,,
508,Stoutland ,221,0,3,0,0,0,0,Medium Slow,127,70,,,,0,,,FALSE,,,,
509,Purrloin ,56,0,0,0,0,0,1,Medium Fast,127,70,,,,0,,,FALSE,,,,
510,Liepard ,156,0,0,0,0,0,2,Medium Fast,127,70,,,,0,,,FALSE,,,,
511,Pansage ,63,0,0,0,0,0,1,Medium Fast,31,70,,,,0,,,FALSE,,light,,
512,Simisage ,174,0,0,0,0,0,2,Medium Fast,31,70,,,,0,,,FALSE,,light,,
513,Pansear ,63,0,0,0,0,0,1,Medium Fast,31,70,,,,0,,water,FALSE,,,,
514,Simisear ,174,0,0,0,0,0,2,Medium Fast,31,70,,,,0,,water,FALSE,,,,
515,Panpour ,63,0,0,0,0,0,1,Medium Fast,31,70,,,,0,,,FALSE,,,,
516,Simipour ,174,0,0,0,0,0,2,Medium Fast,31,70,,,,0,,,FALSE,,,,
517,Munna ,58,1,0,0,0,0,0,Fast,127,70,1:ender_pearl,,,0,,,FALSE,,,,
518,Musharna ,170,2,0,0,0,0,0,Fast,127,70,2:ender_pearl,,,0,,,FALSE,,,,
519,Pidove ,53,0,1,0,0,0,0,Medium Slow,127,70,1:feather,,1:chicken,0,,,TRUE,,,,
520,Tranquill ,125,0,2,0,0,0,0,Medium Slow,127,70,2:feather,,1:chicken,0,,,FALSE,,,,
521,Unfezant ,215,0,3,0,0,0,0,Medium Slow,127,70,3:feather,,1:chicken,0,,,FALSE,,,,
522,Blitzle ,59,0,0,0,0,0,1,Medium Fast,127,70,,,,0,,,FALSE,,grass,,
523,Zebstrika ,174,0,0,0,0,0,2,Medium Fast,127,70,,,,0,,,FALSE,,grass,,
524,Roggenrola ,56,0,0,1,0,0,0,Medium Slow,127,70,1:cobblestone,,,0,,,FALSE,,rock,,
525,Boldore ,137,0,1,1,0,0,0,Medium Slow,127,70,2:stone,,,0,,,FALSE,,rock,,
526,Gigalith ,227,0,3,0,0,0,0,Medium Slow,127,70,3:stone,,,0,,,FALSE,,rock,,
527,Woobat ,63,0,0,0,0,0,1,Medium Fast,127,70,,,,0,,,FALSE,,,,
528,Swoobat ,149,0,0,0,0,0,2,Medium Fast,127,70,,,,0,,,FALSE,,,,
529,Drilbur ,66,0,1,0,0,0,0,Medium Fast,127,70,,,,0,,water,FALSE,silverfish,rock,,
530,Excadrill ,178,0,2,0,0,0,0,Medium Fast,127,70,,,,0,,water,FALSE,,rock,,
531,Audino ,390,2,0,0,0,0,0,Fast,127,70,,,,0,,,FALSE,,,,
532,Timburr ,61,0,1,0,0,0,0,Medium Slow,63,70,,,,0,,,FALSE,,,,
533,Gurdurr ,142,0,2,0,0,0,0,Medium Slow,63,70,,,,0,,,FALSE,,,,
534,Conkeldurr ,227,0,3,0,0,0,0,Medium Slow,63,70,,,,0,,,FALSE,,,,
535,Tympole ,59,0,0,0,0,0,1,Medium Slow,127,70,1:slime_ball,,,0,,,FALSE,,water,,
536,Palpitoad ,134,2,0,0,0,0,0,Medium Slow,127,70,2:slime_ball,,,0,,,FALSE,,,,
537,Seismitoad ,225,3,0,0,0,0,0,Medium Slow,127,70,3:dirt,,,0,,,FALSE,,,,
538,Throh ,163,2,0,0,0,0,0,Medium Fast,0,70,,,,0,,,FALSE,,,,
539,Sawk ,163,0,2,0,0,0,0,Medium Fast,0,70,,,,0,,,FALSE,,,,
540,Sewaddle ,62,0,0,1,0,0,0,Medium Slow,127,70,,,,0,,,FALSE,,light,,
541,Swadloon ,133,0,0,2,0,0,0,Medium Slow,127,70,,,,0,,,FALSE,,light,,
542,Leavanny ,221,0,3,0,0,0,0,Medium Slow,127,70,,,,0,,,FALSE,,light,,
543,Venipede ,52,0,0,1,0,0,0,Medium Slow,127,70,1:string,,,0,,,FALSE,,,,
544,Whirlipede ,126,0,0,2,0,0,0,Medium Slow,127,70,,,,0,,,FALSE,,,,
545,Scolipede ,214,0,0,0,0,0,3,Medium Slow,127,70,,,,0,,,FALSE,,,,
546,Cottonee ,56,0,0,0,0,0,1,Medium Fast,127,70,1:wool,,,0,,,FALSE,,light,,
547,Whimsicott ,168,0,0,0,0,0,2,Medium Fast,127,70,2:wool,,,0,,,FALSE,,light,,
548,Petilil ,56,0,0,0,1,0,0,Medium Fast,254,70,1:wheat_seeds,,,0,,,FALSE,,light,,
549,Lilligant ,168,0,0,0,2,0,0,Medium Fast,254,70,2:leaves,,,0,,,FALSE,,light,,
550,Basculin ,161,0,0,0,0,0,2,Medium Fast,127,70,,,1:fish,0,,,FALSE,,water,,
551,Sandile ,58,0,1,0,0,0,0,Medium Slow,127,70,1:sand,,,0,,,FALSE,,,,
552,Krokorok ,123,0,2,0,0,0,0,Medium Slow,127,70,2:sand,,,0,,,FALSE,,,,
553,Krookodile ,229,0,3,0,0,0,0,Medium Slow,127,70,3:sand,,,0,,,FALSE,,,,
554,Darumaka ,63,0,1,0,0,0,0,Medium Slow,127,70,,,,0,,,FALSE,,rock,,
555,Darmanitan,168,0,2,0,0,0,0,Medium Slow,127,70,,,,0,,,FALSE,,,,
555,Darmanitan Zen,168,0,0,0,2,0,0,Medium Slow,,,,,,0,,,FALSE,,,,
556,Maractus ,161,0,0,0,2,0,0,Medium Fast,127,70,,,,0,,,FALSE,,light,,
557,Dwebble ,65,0,0,1,0,0,0,Medium Fast,127,70,2:cobblestone,,,0,,,FALSE,,rock,,
558,Crustle ,166,0,0,2,0,0,0,Medium Fast,127,70,3:dirt,,,0,,,FALSE,,rock,,
559,Scraggy ,70,0,1,0,0,0,0,Medium Fast,127,35,,,,0,,,FALSE,,,,
560,Scrafty ,171,0,0,1,0,1,0,Medium Fast,127,70,,,,0,,,FALSE,,,,
561,Sigilyph ,172,0,0,0,2,0,0,Medium Fast,127,70,,,,0,,,FALSE,,,,
562,Yamask ,61,0,0,1,0,0,0,Medium Fast,127,70,,,,0,,,FALSE,,,,
563,Cofagrigus ,169,0,0,2,0,0,0,Medium Fast,127,70,,,,0,,,FALSE,,,,
564,Tirtouga ,71,0,0,1,0,0,0,Medium Fast,31,70,1:bone,,,0,,,FALSE,,,,
565,Carracosta ,173,0,0,2,0,0,0,Medium Fast,31,70,2:bone,,,0,,,FALSE,,,,
566,Archen ,71,0,1,0,0,0,0,Medium Fast,31,70,1:bone 1:feather,,1:chicken,0,,,FALSE,,,,
567,Archeops ,177,0,2,0,0,0,0,Medium Fast,31,70,2:bone 2:feather,,1:chicken,0,,,FALSE,,,,
568,Trubbish ,66,0,0,0,0,0,1,Medium Fast,127,70,,,,0,,,FALSE,,,,
569,Garbodor ,166,0,2,0,0,0,0,Medium Fast,127,70,,,,0,,,FALSE,,,,
570,Zorua ,66,0,0,0,1,0,0,Medium Slow,31,70,,,,0,,,FALSE,,,,
571,Zoroark ,179,0,0,0,2,0,0,Medium Slow,31,70,,,,0,,,FALSE,,,,
572,Minccino ,60,0,0,0,0,0,1,Fast,191,70,,,1:rabbit,0,,,FALSE,,grass,,
573,Cinccino ,165,0,0,0,0,0,2,Fast,191,70,,,1:rabbit,0,,,FALSE,,grass,,
574,Gothita ,58,0,0,0,0,1,0,Medium Slow,191,70,,,,0,,,FALSE,,,,
575,Gothorita ,137,0,0,0,0,2,0,Medium Slow,191,70,,,,0,,,FALSE,,,,
576,Gothitelle ,221,0,0,0,0,3,0,Medium Slow,191,70,,,,0,,,FALSE,,,,
577,Solosis ,58,0,0,0,1,0,0,Medium Slow,127,70,1:slime_ball,,,0,,,FALSE,,,,
578,Duosion ,130,0,0,0,2,0,0,Medium Slow,127,70,2:slime_ball,,,0,,,FALSE,,,,
579,Reuniclus ,221,0,0,0,3,0,0,Medium Slow,127,70,3:slime_ball,,,0,,,FALSE,,,,
580,Ducklett ,61,1,0,0,0,0,0,Medium Fast,127,70,,,1:chicken,0,,,FALSE,,,,
581,Swanna ,166,0,0,0,0,0,2,Medium Fast,127,70,,,1:chicken,0,,,FALSE,,,,
582,Vanillite ,61,0,0,0,1,0,0,Slow,127,70,,,,0,,,FALSE,,,,
583,Vanillish ,138,0,0,0,2,0,0,Slow,127,70,,,,0,,,FALSE,,,,
584,Vanilluxe ,241,0,0,0,3,0,0,Slow,127,70,,,,0,,,FALSE,,,,
585,Deerling ,67,0,0,0,0,0,1,Medium Fast,127,70,,,1:beef,0,,,FALSE,,grass,,
586,Sawsbuck ,166,0,2,0,0,0,0,Medium Fast,127,70,,,1:beef,0,,,FALSE,,grass,,
587,Emolga ,150,0,0,0,0,0,2,Medium Fast,127,70,,,1:rabbit,0,,,TRUE,,grass,,
588,Karrablast ,63,0,1,0,0,0,0,Medium Fast,127,70,,,,0,,,FALSE,,,,
589,Escavalier ,173,0,2,0,0,0,0,Medium Fast,127,70,,,,0,,,FALSE,,,,
590,Foongus ,59,1,0,0,0,0,0,Medium Fast,127,70,1:brown_mushroom 1:red_mushroom,,,0,,,FALSE,,,,
591,Amoonguss ,162,2,0,0,0,0,0,Medium Fast,127,70,2:brown_mushroom 2:red_mushroom,,,0,,,FALSE,,,,
592,Frillish ,67,0,0,0,0,1,0,Medium Fast,127,70,,,,0,,,FALSE,,water,,
593,Jellicent ,168,0,0,0,0,2,0,Medium Fast,127,70,,,,0,,,FALSE::TRUE,,water,,
594,Alomomola ,165,2,0,0,0,0,0,Fast,127,70,,,1:fish,0,,,FALSE,,water,,
595,Joltik ,64,0,0,0,0,0,1,Medium Fast,127,70,1:string,2:redstone,,0,,,FALSE,cavespider,,,
596,Galvantula ,165,0,0,0,0,0,2,Medium Fast,127,70,2:string,4:redstone,,0,,,FALSE,,,,
597,Ferroseed ,61,0,0,1,0,0,0,Medium Fast,127,70,,,,0,,,FALSE,,light rock,,
598,Ferrothorn ,171,0,0,2,0,0,0,Medium Fast,127,70,,,,0,,,FALSE,,light rock,,
599,Klink ,60,0,0,1,0,0,0,Medium Slow,255,70,,,,0,,,FALSE,,,,
600,Klang ,154,0,0,2,0,0,0,Medium Slow,255,70,,,,0,,,FALSE,,,,
601,Klinklang ,234,0,0,3,0,0,0,Medium Slow,255,70,,,,0,,,FALSE,,,,
602,Tynamo ,55,0,0,0,0,0,1,Slow,127,70,1:redstone,,,0,,,FALSE,,,,
603,Eelektrik ,142,0,2,0,0,0,0,Slow,127,70,2:redstone,,,0,,,FALSE,,,,
604,Eelektross ,232,0,3,0,0,0,0,Slow,127,70,3:redstone,,,0,,,FALSE,,,,
605,Elgyem ,67,0,0,0,1,0,0,Medium Fast,127,70,,,,0,,,FALSE,,,,
606,Beheeyem ,170,0,0,0,2,0,0,Medium Fast,127,70,,,,0,,,FALSE,,,,
607,Litwick ,55,0,0,0,1,0,0,Medium Slow,127,70,,,,0,,,FALSE,,,,
608,Lampent ,130,0,0,0,2,0,0,Medium Slow,127,70,,,,0,flame:80,,FALSE,,,,
609,Chandelure ,234,0,0,0,3,0,0,Medium Slow,127,70,,,,0,,,FALSE,,,,
610,Axew ,64,0,1,0,0,0,0,Slow,127,35,2:bone,,,0,,,FALSE,,,,
611,Fraxure ,144,0,2,0,0,0,0,Slow,127,35,4:bone,,,0,,,FALSE,,,,
612,Haxorus ,243,0,3,0,0,0,0,Slow,127,35,4:bone,1:diamond_sword:0:5,,0,,,FALSE,,,,
613,Cubchoo ,61,0,1,0,0,0,0,Medium Fast,127,70,,,,0,,,FALSE,,,,
614,Beartic ,170,0,2,0,0,0,0,Medium Fast,127,70,,,,0,,,FALSE,,,,
615,Cryogonal ,170,0,0,0,0,2,0,Medium Fast,255,70,,,,0,,,FALSE,,,,
616,Shelmet ,61,0,0,1,0,0,0,Medium Fast,127,70,,,,0,,,FALSE,,,,
617,Accelgor ,173,0,0,0,0,0,2,Medium Fast,127,70,,,,0,,,FALSE,,,,
618,Stunfisk ,165,2,0,0,0,0,0,Medium Fast,127,70,,,,0,,,FALSE,,,,
619,Mienfoo ,70,0,1,0,0,0,0,Medium Slow,127,70,,,1:rabbit,0,,,FALSE,,,,
620,Mienshao ,179,0,2,0,0,0,0,Medium Slow,127,70,,,1:rabbit,0,,,FALSE,,,,
621,Druddigon ,170,0,2,0,0,0,0,Medium Fast,127,70,,,,0,,,FALSE,,,,
622,Golett ,61,0,1,0,0,0,0,Medium Fast,255,70,,,,0,,,FALSE,,,,
623,Golurk ,169,0,2,0,0,0,0,Medium Fast,255,70,,,,0,,,FALSE,,,,
624,Pawniard ,68,0,1,0,0,0,0,Medium Fast,127,35,,,,0,,,FALSE,,,,
625,Bisharp ,172,0,2,0,0,0,0,Medium Fast,127,35,,,,0,,,FALSE,,,,
626,Bouffalant ,172,0,2,0,0,0,0,Medium Fast,127,70,,,,0,,,FALSE,,grass,,
627,Rufflet ,70,0,1,0,0,0,0,Slow,0,70,,,,0,,,TRUE,,,,
628,Braviary ,179,0,2,0,0,0,0,Slow,0,70,,,,0,,,FALSE,,,,
629,Vullaby ,74,0,0,1,0,0,0,Slow,254,35,,,,0,,,TRUE,,,,
630,Mandibuzz ,179,0,0,0,2,0,0,Slow,254,35,,,,0,,,FALSE,,,,
631,Heatmor ,169,0,0,0,2,0,0,Medium Fast,127,70,,,,0,,,FALSE,,,,
632,Durant ,169,0,0,2,0,0,0,Medium Fast,127,70,,,,0,,,FALSE,,rock,,
633,Deino ,60,0,1,0,0,0,0,Slow,127,35,,,,0,,,FALSE,,,,
634,Zweilous ,147,0,2,0,0,0,0,Slow,127,35,,,,0,,,FALSE,,,,
635,Hydreigon ,270,0,0,0,3,0,0,Slow,127,35,,,,0,,,FALSE,,,,
636,Larvesta ,72,0,1,0,0,0,0,Slow,127,70,,,,0,,,FALSE,,,,
637,Volcarona ,248,0,0,0,3,0,0,Slow,127,70,,,,0,,,FALSE,,,,
638,Cobalion ,261,0,0,3,0,0,0,Slow,255,35,,,,0,,,FALSE,,grass,,
639,Terrakion ,261,0,3,0,0,0,0,Slow,255,35,,,,0,,,FALSE,,grass,,
640,Virizion ,261,0,0,0,0,3,0,Slow,255,35,,,,0,,,FALSE,,grass,,
641,Tornadus Incarnate,261,0,3,0,0,0,0,Slow,0,90,,,,0,,,FALSE,,,,
641,Tornadus Therian,261,0,0,0,0,0,3,Slow,,,,,,0,,,FALSE,,,,
642,Thundurus Incarnate,261,0,3,0,0,0,0,Slow,0,90,,,,0,,,FALSE,,,,
642,Thundurus Therian,261,0,0,0,3,0,0,Slow,,,,,,0,,,FALSE,,,,
643,Reshiram ,306,0,0,0,3,0,0,Slow,255,0,,,,0,,,FALSE,,,,
644,Zekrom ,306,0,3,0,0,0,0,Slow,255,0,,,,0,,,FALSE,,,,
645,Landorus Incarnate,270,0,0,0,3,0,0,Slow,0,90,,,,0,,,FALSE,,,,
645,Landorus Therian ,270,0,3,0,0,0,0,Slow,,,,,,0,,,FALSE,,,,
646,Kyurem ,297,1,1,0,1,0,0,Slow,255,0,,,,0,,,FALSE,,,,
646,Kyurem Black,297,0,3,0,0,0,0,Slow,,,,,,0,,,FALSE,,,,
646,Kyurem White,297,0,0,0,3,0,0,Slow,,,,,,0,,,FALSE,,,,
647,Keldeo ,261,0,0,0,3,0,0,Slow,255,35,,,,0,,,FALSE,,grass,,
648,Meloetta Aria,270,0,0,0,1,1,1,Slow,255,100,,,,0,,,FALSE,,,,
648,Meloetta Pirouette,270,0,1,1,0,0,1,Slow,,,,,,0,,,FALSE,,,,
649,Genesect ,270,0,1,0,1,0,1,Slow,255,0,,,,0,,,FALSE,,,,
650,Chespin ,63,0,0,1,0,0,0,Medium Slow,31,70,1:wheat_seeds,,,0,,,FALSE,,light,,
651,Quilladin ,142,0,0,2,0,0,0,Medium Slow,31,70,2:wheat_seeds,1:iron_chestplate,,0,,,FALSE,,light,,
652,Chesnaught ,239,0,0,3,0,0,0,Medium Slow,31,70,3:wheat_seeds,1:iron_chestplate,,0,,,FALSE,,light,,
653,Fennekin ,61,0,0,0,1,0,0,Medium Slow,31,70,1:coal,,,0,,,FALSE,,,,
654,Braixen ,143,0,0,0,2,0,0,Medium Slow,31,70,2:coal 1:stick,1:blaze_powder,,0,,,FALSE,,,,
655,Delphox ,240,0,0,0,3,0,0,Medium Slow,31,70,3:coal 3:stick,1:blaze_powder 1:blaze_rod,,0,,,FALSE,,,,
656,Froakie ,63,0,0,0,0,0,1,Medium Slow,31,70,,,,0,,,FALSE,,,,
657,Frogadier ,142,0,0,0,0,0,2,Medium Slow,31,70,,,,0,,,FALSE,,,,
658,Greninja ,239,0,0,0,0,0,3,Medium Slow,31,70,,,,0,,,FALSE,,,,
659,Bunnelby ,47,0,0,0,0,0,1,Medium Fast,127,70,,,1:rabbit,0,,,FALSE,,grass,,
660,Diggersby ,148,2,0,0,0,0,0,Medium Fast,127,70,,,1:rabbit,0,,,FALSE,,grass,,
661,Fletchling ,56,0,0,0,0,0,1,Medium Slow,127,70,1:feather,,1:chicken,0,,,TRUE,,,,
662,Fletchinder ,134,0,0,0,0,0,2,Medium Slow,127,70,2:feather,,1:chicken,0,,,FALSE,,,,
663,Talonflame ,175,0,0,0,0,0,3,Medium Slow,127,70,3:feather,,1:chicken,0,,,FALSE,,,,
664,Scatterbug ,40,0,0,1,0,0,0,Medium Fast,127,70,1:string,,,0,,,FALSE,,,,
665,Spewpa ,75,0,0,2,0,0,0,Medium Fast,127,70,2:string,,,0,,,FALSE,,,,
666,Vivillon ,185,1,0,0,1,0,1,Medium Fast,127,70,,,,0,,,FALSE,,,,
667,Litleo ,74,0,0,0,1,0,0,Medium Slow,191,70,,,1:rabbit,0,,,FALSE,,,,
668,Pyroar ,177,0,0,0,2,0,0,Medium Slow,191,70,,,1:rabbit,0,,,FALSE,,,,
669,Flabb ,61,0,0,0,0,1,0,Medium Fast,254,70,,,,0,,,FALSE,,,,
670,Floette ,130,0,0,0,0,2,0,Medium Fast,254,70,,,,0,,,FALSE,,,,
671,Florges ,248,0,0,0,0,3,0,Medium Fast,254,70,,,,0,,,FALSE,,,,
672,Skiddo ,70,1,0,0,0,0,0,Medium Fast,127,70,,,1:mutton,0,,,FALSE,,grass,,
673,Gogoat ,186,0,0,0,0,0,0,Medium Fast,127,70,,,1:mutton,0,,,FALSE,,grass,,
674,Pancham ,70,0,1,0,0,0,0,Medium Fast,127,70,,,,0,,,FALSE,,,,
675,Pangoro ,173,0,0,0,0,0,0,Medium Fast,127,70,,,,0,,,FALSE,,,,
676,Furfrou ,165,0,0,0,0,0,1,Medium Fast,127,70,,,,0,,,FALSE,,,,
677,Espurr ,71,0,0,0,0,0,1,Medium Fast,127,70,,,1:rabbit,0,,,FALSE,,,,
678,Meowstic ,163,0,0,0,0,0,0,Medium Fast,127,70,,,1:rabbit,0,,,FALSE,,,,
679,Honedge ,65,0,0,1,0,0,0,Medium Fast,127,70,,,,0,,,FALSE,,,,
680,Doublade ,157,0,0,2,0,0,0,Medium Fast,127,70,,,,0,,,FALSE,,none,,
681,Aegislash ,234,0,0,3,0,1,0,Medium Fast,127,70,,,,0,,,FALSE,,none,,
682,Spritzee ,68,1,0,0,0,0,0,Medium Fast,127,70,,,,0,,,FALSE,,,,
683,Aromatisse ,162,2,0,0,0,0,0,Medium Fast,127,70,,,,0,,,FALSE,,,,
684,Swirlix ,68,0,0,1,0,0,0,Medium Fast,127,70,,,,0,,,FALSE,,,,
685,Slurpuff ,168,0,0,2,0,0,0,Medium Fast,127,70,,,,0,,,FALSE,,,,
686,Inkay ,58,0,1,0,0,0,0,Medium Fast,127,70,1:dye:0,,,0,,,FALSE,,,,
687,Malamar ,169,0,2,0,0,0,0,Medium Fast,127,70,2:dye:0,,,0,,,FALSE,,,,
688,Binacle ,61,0,1,0,0,0,0,Medium Fast,127,70,,,,0,,,FALSE,,water,,
689,Barbaracle ,175,0,2,0,0,0,0,Medium Fast,127,70,,,,0,,,FALSE,,water,,
690,Skrelp ,64,0,0,0,0,1,0,Medium Fast,127,70,,,1:fish,0,,,FALSE,,water,,
691,Dragalge ,173,0,0,0,0,2,0,Medium Fast,127,70,,,2:fish,0,,,FALSE,,water,,
692,Clauncher ,66,0,0,0,1,0,0,Slow,127,70,,,,0,,,FALSE,,water,,
693,Clawitzer ,100,0,0,0,2,0,0,Slow,127,70,,,,0,,,FALSE,,water,,
694,Helioptile ,58,0,0,0,0,0,1,Medium Fast,127,70,1:redstone,,,0,,,FALSE,,light,,
695,Heliolisk ,168,0,0,0,0,0,2,Medium Fast,127,70,2:redstone,,,0,,,FALSE,,light,,
696,Tyrunt ,72,0,1,0,0,0,0,Medium Fast,31,70,1:bone,,,0,,,FALSE,,,,
697,Tyrantrum ,182,0,3,0,0,0,0,Medium Fast,31,70,2:bone,,,0,,,FALSE,,,,
698,Amaura ,72,1,0,0,0,0,0,Medium Fast,31,70,1:bone,,,0,,,FALSE,,,,
699,Aurorus ,104,2,0,0,0,0,0,Medium Fast,31,70,2:bone,,,0,,,FALSE,,,,
700,Sylveon ,184,0,0,0,0,2,0,Medium Fast,31,70,,,2:rabbit,0,,,FALSE,,,,
701,Hawlucha ,175,0,2,0,0,0,0,Medium Fast,127,70,,,,0,,,FALSE,,,,
702,Dedenne ,151,0,0,0,0,0,2,Medium Fast,127,70,1:redstone,,1:rabbit,0,,,FALSE,,,,
703,Carbink ,100,0,0,1,0,1,0,Slow,255,70,1:quartz,1:diamond:0.1,,0,,,FALSE,,,,
704,Goomy ,60,0,0,0,0,1,0,Slow,127,70,1:slime_ball,,,0,,,FALSE,slime,,,
705,Sliggoo ,158,0,0,0,0,2,0,Slow,127,70,2:slime_ball,,,0,,,FALSE,,,,
706,Goodra ,270,0,0,0,0,3,0,Slow,127,70,3:slime_ball,,,0,,,FALSE,,,,
707,Klefki ,165,0,0,1,0,0,0,Fast,127,70,,1:ender_pearl,,0,,,FALSE,,,,
708,Phantump ,62,0,1,0,0,0,0,Medium Fast,127,70,,,,0,,,FALSE,,light,,
709,Trevenant ,166,0,2,0,0,0,0,Medium Fast,127,70,,,,0,,,FALSE,,light,,
710,Pumpkaboo ,67,0,0,1,0,0,0,Medium Fast,127,70,,,,0,,,FALSE,,light,,
711,Gourgeist,173,0,0,2,0,0,0,Medium Fast,127,70,,,,0,,,FALSE,,light,,
712,Bergmite ,61,0,0,1,0,0,0,Medium Fast,127,70,1:ice,1:packed_ice,,0,,,FALSE,,none,,
713,Avalugg,180,0,0,2,0,0,0,Medium Fast,127,70,2:ice,2:packed_ice,,0,,,FALSE,,,,
714,Noibat ,49,0,0,0,0,0,1,Medium Fast,127,70,,,,0,,,TRUE,,,,
715,Noivern ,187,0,0,0,0,0,2,Medium Fast,127,70,,,,0,,,FALSE,,,,
716,Xerneas ,306,3,0,0,0,0,0,Slow,255,0,1:nether_star,,,0,,,FALSE,,,,
717,Yveltal ,306,3,0,0,0,0,0,Slow,255,0,1:nether_star,,,0,,,FALSE,,,,
718,Zygarde ,270,3,0,0,0,0,0,Slow ,255,0,,,,0,,,FALSE,,,,
